{
  "METADATA_FILENAME" : "csv-metadata.json",
  "tables" : [ {
    "url" : "outputCSV30.csv",
    "tableSchema" : {
      "columns" : [ {
        "titles" : "Concept",
        "name" : "Concept",
        "valueUrl" : "https://data.mvcr.gov.cz/zdroj/číselníky/typy-pracovních-vztahů/položky/{Concept}"
      }, {
        "propertyUrl" : "rdf:type",
        "valueUrl" : "http://www.w3.org/2004/02/skos/core#Concept",
        "virtual" : true
      }, {
        "titles" : "notation",
        "name" : "notation",
        "propertyUrl" : "http://www.w3.org/2004/02/skos/core#notation"
      }, {
        "titles" : "inScheme",
        "name" : "inScheme",
        "propertyUrl" : "http://www.w3.org/2004/02/skos/core#inScheme",
        "valueUrl" : "https://data.mvcr.gov.cz/zdroj/číselníky/{typy-pracovních-vztahů}"
      }, {
        "titles" : "prefLabel (cs)",
        "name" : "prefLabel",
        "propertyUrl" : "http://www.w3.org/2004/02/skos/core#prefLabel",
        "datatype" : "langString",
        "lang" : "cs"
      }, {
        "titles" : "prefLabel (en)",
        "name" : "prefLabel",
        "propertyUrl" : "http://www.w3.org/2004/02/skos/core#prefLabel",
        "datatype" : "langString",
        "lang" : "en"
      } ],
      "foreignKeys" : [ {
        "columnReference" : "inScheme",
        "reference" : {
          "resource" : "outputCSV31.csv",
          "columnReference" : "ConceptScheme"
        }
      } ],
      "primaryKey" : "Concept",
      "aboutUrl" : "http://www.w3.org/2004/02/skos/core#{Concept}",
      "rowTitles" : [ "Concept", "notation", "inScheme", "prefLabel (cs)", "prefLabel (en)" ]
    }
  }, {
    "url" : "outputCSV31.csv",
    "tableSchema" : {
      "columns" : [ {
        "titles" : "ConceptScheme",
        "name" : "ConceptScheme",
        "valueUrl" : "https://data.mvcr.gov.cz/zdroj/číselníky/{ConceptScheme}"
      }, {
        "propertyUrl" : "rdf:type",
        "valueUrl" : "http://www.w3.org/2004/02/skos/core#ConceptScheme",
        "virtual" : true
      }, {
        "titles" : "prefLabel (cs)",
        "name" : "prefLabel",
        "propertyUrl" : "http://www.w3.org/2004/02/skos/core#prefLabel",
        "datatype" : "langString",
        "lang" : "cs"
      }, {
        "titles" : "prefLabel (en)",
        "name" : "prefLabel",
        "propertyUrl" : "http://www.w3.org/2004/02/skos/core#prefLabel",
        "datatype" : "langString",
        "lang" : "en"
      } ],
      "primaryKey" : "ConceptScheme",
      "aboutUrl" : "http://www.w3.org/2004/02/skos/core#{ConceptScheme}",
      "rowTitles" : [ "ConceptScheme", "prefLabel (cs)", "prefLabel (en)" ]
    }
  } ],
  "@context" : "http://www.w3.org/ns/csvw"
}