Text,type,creator,title (cs),title (en)
myThesis,http://purl.org/dc/dcmitype/Text,TerezaMiklóšová,Automatický převod RDF dat do CSV,Automatický převod RDF dat do CSV
myThesis,http://purl.org/dc/dcmitype/Text,TerezaMiklóšová,Automated transformation of RDF data to CSV,Automated transformation of RDF data to CSV
myThesis,http://purl.org/dc/dcmitype/Text,TerezaMiklóšová,Automatický převod RDF dat do CSV,Automatický převod RDF dat do CSV
myThesis,http://purl.org/dc/dcmitype/Text,TerezaMiklóšová,Automated transformation of RDF data to CSV,Automated transformation of RDF data to CSV
myGraph,http://www.w3.org/1999/02/22-rdf-syntax-ns#Graph,,,
myGraph,http://www.w3.org/1999/02/22-rdf-syntax-ns#Graph,,,
