Concept,type,is in scheme,dny-v-týdnu_type,dny-v-týdnu_preferred label (cs),dny-v-týdnu_preferred label (en),preferred label (cs),preferred label (en),notation
pondělí,Concept,dny-v-týdnu,ConceptScheme,Dny v týdnu,Days of the week,Pondělí,Monday,pondělí
úterý,Concept,dny-v-týdnu,ConceptScheme,Dny v týdnu,Days of the week,Úterý,Tuesday,úterý
středa,Concept,dny-v-týdnu,ConceptScheme,Dny v týdnu,Days of the week,Středa,Wednesday,středa
čtvrtek,Concept,dny-v-týdnu,ConceptScheme,Dny v týdnu,Days of the week,Čtvrtek,Thursday,čtvrtek
pátek,Concept,dny-v-týdnu,ConceptScheme,Dny v týdnu,Days of the week,Pátek,Friday,pátek
sobota,Concept,dny-v-týdnu,ConceptScheme,Dny v týdnu,Days of the week,Sobota,Saturday,sobota
neděle,Concept,dny-v-týdnu,ConceptScheme,Dny v týdnu,Days of the week,Neděle,Sunday,neděle
