{
  "@context" : "http://www.w3.org/ns/csvw",
  "@type" : "TableGroup",
  "tables" : [ {
    "@type" : "Table",
    "url" : "testingInput.ttlTestOutput0.csv",
    "tableSchema" : {
      "@type" : "Schema",
      "columns" : [ {
        "@type" : "Column",
        "titles" : "Text",
        "name" : "Text",
        "valueUrl" : "http://example.org/{+Text}",
        "suppressOutput" : true
      }, {
        "@type" : "Column",
        "titles" : "type",
        "name" : "type",
        "propertyUrl" : "http://www.w3.org/1999/02/22-rdf-syntax-ns#type",
        "valueUrl" : "http://purl.org/dc/dcmitype/{+type}",
        "aboutUrl" : "http://example.org/{+Text}"
      }, {
        "@type" : "Column",
        "titles" : "Creator",
        "name" : "creator",
        "propertyUrl" : "http://purl.org/dc/terms/creator",
        "valueUrl" : "http://example.org/{+creator}",
        "aboutUrl" : "http://example.org/{+Text}"
      }, {
        "@type" : "Column",
        "titles" : "Title (cs)",
        "name" : "title_cs",
        "propertyUrl" : "http://purl.org/dc/terms/title",
        "aboutUrl" : "http://example.org/{+Text}",
        "lang" : "cs",
        "separator" : ","
      }, {
        "@type" : "Column",
        "titles" : "Title (en)",
        "name" : "title_en",
        "propertyUrl" : "http://purl.org/dc/terms/title",
        "aboutUrl" : "http://example.org/{+Text}",
        "lang" : "en"
      }, {
        "@type" : "Column",
        "titles" : "Title (pl)",
        "name" : "title_pl",
        "propertyUrl" : "http://purl.org/dc/terms/title",
        "aboutUrl" : "http://example.org/{+Text}",
        "lang" : "pl"
      }, {
        "@type" : "Column",
        "propertyUrl" : "rdf:type",
        "valueUrl" : "http://purl.org/dc/dcmitype/Text",
        "aboutUrl" : "http://example.org/{+Text}",
        "virtual" : true
      } ],
      "primaryKey" : "Text",
      "aboutUrl" : "http://example.org/{+Text}",
      "rowTitles" : [ "Text", "type", "creator", "title_cs", "title_en", "title_pl" ]
    }
  }, {
    "@type" : "Table",
    "url" : "testingInput.ttlTestOutput1.csv",
    "tableSchema" : {
      "@type" : "Schema",
      "columns" : [ {
        "@type" : "Column",
        "titles" : "Graph",
        "name" : "Graph",
        "valueUrl" : "http://example.org/{+Graph}",
        "suppressOutput" : true
      }, {
        "@type" : "Column",
        "titles" : "type",
        "name" : "type",
        "propertyUrl" : "http://www.w3.org/1999/02/22-rdf-syntax-ns#type",
        "valueUrl" : "http://www.w3.org/1999/02/22-rdf-syntax-ns#{+type}",
        "aboutUrl" : "http://example.org/{+Graph}"
      }, {
        "@type" : "Column",
        "propertyUrl" : "rdf:type",
        "valueUrl" : "http://www.w3.org/1999/02/22-rdf-syntax-ns#Graph",
        "aboutUrl" : "http://example.org/{+Graph}",
        "virtual" : true
      } ],
      "primaryKey" : "Graph",
      "aboutUrl" : "http://example.org/{+Graph}",
      "rowTitles" : [ "Graph", "type" ]
    }
  } ]
}