Concept,type,is in scheme,preferred label (cs),preferred label (en),notation
dpč,"Concept,ConceptScheme",typy-pracovních-vztahů,"Typy pracovních vztahů,Dohoda o pracovní činnosti","Employment relation types,Agreement to Perform Work",dpč
dpp,Concept,typy-pracovních-vztahů,Dohoda o provedení práce,Agreement to Complete a Job,dpp
plný-úvazek,Concept,typy-pracovních-vztahů,Pracovní poměr - plný úvazek,Full time employment,plný-úvazek
zkrácený-úvazek,Concept,typy-pracovních-vztahů,Pracovní poměr - zkrácený úvazek,Part time employment,zkrácený-úvazek
služební-poměr,Concept,typy-pracovních-vztahů,Služební poměr,Civil service employment,služební-poměr
