{
  "@context" : "http://www.w3.org/ns/csvw",
  "@type" : "TableGroup",
  "tables" : [ {
    "@type" : "Table",
    "url" : "typy-pracovních-vztahů.ttlTestOutput0.csv",
    "tableSchema" : {
      "@type" : "Schema",
      "columns" : [ {
        "@type" : "Column",
        "titles" : "Concept",
        "name" : "Concept",
        "valueUrl" : "https://data.mvcr.gov.cz/zdroj/číselníky/typy-pracovních-vztahů/položky/{+Concept}",
        "suppressOutput" : true
      }, {
        "@type" : "Column",
        "titles" : "type",
        "name" : "type",
        "propertyUrl" : "http://www.w3.org/1999/02/22-rdf-syntax-ns#type",
        "valueUrl" : "http://www.w3.org/2004/02/skos/core#{+type}",
        "aboutUrl" : "https://data.mvcr.gov.cz/zdroj/číselníky/typy-pracovních-vztahů/položky/{+Concept}"
      }, {
        "@type" : "Column",
        "titles" : "is in scheme",
        "name" : "inScheme",
        "propertyUrl" : "http://www.w3.org/2004/02/skos/core#inScheme",
        "valueUrl" : "https://data.mvcr.gov.cz/zdroj/číselníky/{+inScheme}",
        "aboutUrl" : "https://data.mvcr.gov.cz/zdroj/číselníky/typy-pracovních-vztahů/položky/{+Concept}"
      }, {
        "@type" : "Column",
        "titles" : "typy-pracovních-vztahů_type",
        "name" : "type_MULTILEVEL_typypracovnchvztah",
        "propertyUrl" : "http://www.w3.org/1999/02/22-rdf-syntax-ns#type",
        "valueUrl" : "http://www.w3.org/2004/02/skos/core#{+type_MULTILEVEL_typypracovnchvztah}",
        "aboutUrl" : "https://data.mvcr.gov.cz/zdroj/číselníky/{+inScheme}"
      }, {
        "@type" : "Column",
        "titles" : "typy-pracovních-vztahů_preferred label (cs)",
        "name" : "prefLabel_MULTILEVEL_typypracovnchvztah_cs",
        "propertyUrl" : "http://www.w3.org/2004/02/skos/core#prefLabel",
        "aboutUrl" : "https://data.mvcr.gov.cz/zdroj/číselníky/{+inScheme}",
        "lang" : "cs"
      }, {
        "@type" : "Column",
        "titles" : "typy-pracovních-vztahů_preferred label (en)",
        "name" : "prefLabel_MULTILEVEL_typypracovnchvztah_en",
        "propertyUrl" : "http://www.w3.org/2004/02/skos/core#prefLabel",
        "aboutUrl" : "https://data.mvcr.gov.cz/zdroj/číselníky/{+inScheme}",
        "lang" : "en"
      }, {
        "@type" : "Column",
        "titles" : "preferred label (cs)",
        "name" : "prefLabel_cs",
        "propertyUrl" : "http://www.w3.org/2004/02/skos/core#prefLabel",
        "aboutUrl" : "https://data.mvcr.gov.cz/zdroj/číselníky/typy-pracovních-vztahů/položky/{+Concept}",
        "lang" : "cs"
      }, {
        "@type" : "Column",
        "titles" : "preferred label (en)",
        "name" : "prefLabel_en",
        "propertyUrl" : "http://www.w3.org/2004/02/skos/core#prefLabel",
        "aboutUrl" : "https://data.mvcr.gov.cz/zdroj/číselníky/typy-pracovních-vztahů/položky/{+Concept}",
        "lang" : "en"
      }, {
        "@type" : "Column",
        "titles" : "notation",
        "name" : "notation",
        "propertyUrl" : "http://www.w3.org/2004/02/skos/core#notation",
        "aboutUrl" : "https://data.mvcr.gov.cz/zdroj/číselníky/typy-pracovních-vztahů/položky/{+Concept}"
      }, {
        "@type" : "Column",
        "propertyUrl" : "rdf:type",
        "valueUrl" : "http://www.w3.org/2004/02/skos/core#Concept",
        "aboutUrl" : "https://data.mvcr.gov.cz/zdroj/číselníky/typy-pracovních-vztahů/položky/{+Concept}",
        "virtual" : true
      } ],
      "primaryKey" : "Concept",
      "rowTitles" : [ "Concept", "type", "inScheme", "type_MULTILEVEL_typypracovnchvztah", "prefLabel_MULTILEVEL_typypracovnchvztah_cs", "prefLabel_MULTILEVEL_typypracovnchvztah_en", "prefLabel_cs", "prefLabel_en", "notation" ]
    }
  } ]
}