{
  "@context" : "http://www.w3.org/ns/csvw",
  "@type" : "TableGroup",
  "tables" : [ {
    "@type" : "Table",
    "url" : "full-integration-output.csv",
    "tableSchema" : {
      "@type" : "Schema",
      "columns" : [ {
        "@type" : "Column",
        "titles" : "Person",
        "name" : "Person",
        "valueUrl" : "http://example.org/{+Person}",
        "suppressOutput" : true
      }, {
        "@type" : "Column",
        "titles" : "lastName",
        "name" : "lastName",
        "propertyUrl" : "http://example.org/lastName",
        "valueUrl" : "{+lastName}",
        "aboutUrl" : "http://example.org/{+Person}"
      }, {
        "@type" : "Column",
        "titles" : "firstName",
        "name" : "firstName",
        "propertyUrl" : "http://example.org/firstName",
        "valueUrl" : "{+firstName}",
        "aboutUrl" : "http://example.org/{+Person}"
      }, {
        "@type" : "Column",
        "titles" : "age",
        "name" : "age",
        "propertyUrl" : "http://example.org/age",
        "valueUrl" : "{+age}",
        "datatype" : "integer",
        "aboutUrl" : "http://example.org/{+Person}"
      }, {
        "@type" : "Column",
        "titles" : "label (de)",
        "name" : "label_de",
        "propertyUrl" : "http://www.w3.org/2000/01/rdf-schema#label",
        "valueUrl" : "{+label_de}",
        "aboutUrl" : "http://example.org/{+Person}",
        "lang" : "de"
      }, {
        "@type" : "Column",
        "titles" : "label (en)",
        "name" : "label_en",
        "propertyUrl" : "http://www.w3.org/2000/01/rdf-schema#label",
        "valueUrl" : "{+label_en}",
        "aboutUrl" : "http://example.org/{+Person}",
        "lang" : "en"
      }, {
        "@type" : "Column",
        "titles" : "label (fr)",
        "name" : "label_fr",
        "propertyUrl" : "http://www.w3.org/2000/01/rdf-schema#label",
        "valueUrl" : "{+label_fr}",
        "aboutUrl" : "http://example.org/{+Person}",
        "lang" : "fr"
      }, {
        "@type" : "Column",
        "titles" : "type",
        "name" : "type",
        "propertyUrl" : "http://www.w3.org/1999/02/22-rdf-syntax-ns#type",
        "valueUrl" : "http://example.org/{+type}",
        "aboutUrl" : "http://example.org/{+Person}"
      }, {
        "@type" : "Column",
        "propertyUrl" : "rdf:type",
        "valueUrl" : "http://example.org/Person",
        "aboutUrl" : "http://example.org/{+Person}",
        "virtual" : true
      } ],
      "primaryKey" : "Person",
      "rowTitles" : [ "Person", "lastName", "firstName", "age", "label_de", "label_en", "label_fr", "type" ]
    },
    "config" : {
      "file" : "C:\\Users\\terka\\AppData\\Local\\Temp\\cli-integration-test4786893881092537882\\test-data.ttl",
      "logLevel" : "INFO",
      "multipleTables" : false,
      "parsing" : "rdf4j",
      "streaming" : false,
      "firstNormalForm" : true,
      "output" : "C:\\Users\\terka\\AppData\\Local\\Temp\\cli-integration-test4786893881092537882\\full-integration-output",
      "columnNamingConvention" : "snake_case",
      "preferredLanguages" : "en,de,fr",
      "conversionMethod" : "basicQuery",
      "intermediateFileNames" : "C:\\Users\\terka\\AppData\\Local\\Temp\\cli-integration-test4786893881092537882\\full-integration-output.csv,",
      "conversionHasBlankNodes" : false,
      "conversionHasRdfTypes" : true,
      "outputZipFileName" : "full-integration-output_CSVW.zip",
      "readMethod" : "rdf4j",
      "metadataRowNums" : false,
      "outputFilePath" : "C:\\Users\\terka\\AppData\\Local\\Temp\\cli-integration-test4786893881092537882\\test-data.ttl",
      "outputMetadataFileName" : "C:\\Users\\terka\\AppData\\Local\\Temp\\cli-integration-test4786893881092537882\\full-integration-output.csv-metadata.json",
      "outputFileName" : "full-integration-output",
      "streamingContinuous" : false,
      "simpleBasicQuery" : false,
      "inputFileName" : "C:\\Users\\terka\\AppData\\Local\\Temp\\cli-integration-test4786893881092537882\\test-data.ttl",
      "default_READ_METHOD" : "rdf4j",
      "default_MULTIPLE_TABLES" : false,
      "default_LOG_LEVEL" : "INFO",
      "default_METADATA_ROWNUMS" : false,
      "default_STREAMING_CONTINUOUS" : false,
      "default_FIRST_NORMAL_FORM" : false,
      "default_STREAMING" : false,
      "default_CONVERSION_METHOD" : "basicQuery",
      "default_SIMPLE_BASIC_QUERY" : false,
      "default_OUTPUT" : "RDFtoCSVOutput.csv",
      "default_PARSING" : "rdf4j",
      "default_CONVERSION_HAS_BLANK_NODES" : false,
      "default_CONVERSION_HAS_RDF_TYPES" : true
    }
  } ]
}