{
  "@context" : "http://www.w3.org/ns/csvw",
  "@type" : "TableGroup",
  "tables" : [ {
    "@type" : "Table",
    "url" : "ciselnik_42_199901010.csv",
    "tableSchema" : {
      "@type" : "Schema",
      "columns" : [ {
        "@type" : "Column",
        "titles" : "Subject",
        "name" : "Subject",
        "valueUrl" : "{+Subject}",
        "suppressOutput" : true
      }, {
        "@type" : "Column",
        "titles" : "type",
        "name" : "type",
        "propertyUrl" : "http://www.w3.org/1999/02/22-rdf-syntax-ns#type",
        "valueUrl" : "{+type}",
        "aboutUrl" : "{+Subject}"
      }, {
        "@type" : "Column",
        "titles" : "alternative label (cs)",
        "name" : "altLabel_cs",
        "propertyUrl" : "http://www.w3.org/2004/02/skos/core#altLabel",
        "aboutUrl" : "https://rpp-opendata.egon.gov.cz/odrpp/zdroj/číselníky/42/položka/{+Subject}",
        "lang" : "cs"
      }, {
        "@type" : "Column",
        "titles" : "alternative label (en)",
        "name" : "altLabel_en",
        "propertyUrl" : "http://www.w3.org/2004/02/skos/core#altLabel",
        "aboutUrl" : "https://rpp-opendata.egon.gov.cz/odrpp/zdroj/číselníky/42/položka/{+Subject}",
        "lang" : "en"
      }, {
        "@type" : "Column",
        "titles" : "is in scheme",
        "name" : "inScheme",
        "propertyUrl" : "http://www.w3.org/2004/02/skos/core#inScheme",
        "valueUrl" : "https://rpp-opendata.egon.gov.cz/odrpp/zdroj/číselníky/42/{+inScheme}",
        "aboutUrl" : "https://rpp-opendata.egon.gov.cz/odrpp/zdroj/číselníky/42/položka/{+Subject}"
      }, {
        "@type" : "Column",
        "titles" : "notation",
        "name" : "notation",
        "propertyUrl" : "http://www.w3.org/2004/02/skos/core#notation",
        "aboutUrl" : "{+Subject}",
        "separator" : ","
      }, {
        "@type" : "Column",
        "titles" : "preferred label (cs)",
        "name" : "prefLabel_cs",
        "propertyUrl" : "http://www.w3.org/2004/02/skos/core#prefLabel",
        "aboutUrl" : "{+Subject}",
        "lang" : "cs"
      }, {
        "@type" : "Column",
        "titles" : "preferred label (en)",
        "name" : "prefLabel_en",
        "propertyUrl" : "http://www.w3.org/2004/02/skos/core#prefLabel",
        "aboutUrl" : "{+Subject}",
        "lang" : "en"
      }, {
        "@type" : "Column",
        "titles" : "Temporal Coverage",
        "name" : "temporal",
        "propertyUrl" : "http://purl.org/dc/terms/temporal",
        "valueUrl" : "https://blank_Nodes_IRI.org/{+temporal}",
        "aboutUrl" : "{+Subject}"
      }, {
        "@type" : "Column",
        "titles" : "note (cs)",
        "name" : "note_cs",
        "propertyUrl" : "http://www.w3.org/2004/02/skos/core#note",
        "aboutUrl" : "{+Subject}",
        "lang" : "cs"
      }, {
        "@type" : "Column",
        "titles" : "definition (cs)",
        "name" : "definition_cs",
        "propertyUrl" : "http://www.w3.org/2004/02/skos/core#definition",
        "aboutUrl" : "https://rpp-opendata.egon.gov.cz/odrpp/zdroj/číselníky/42/{+Subject}",
        "lang" : "cs"
      }, {
        "@type" : "Column",
        "titles" : "hasBeginning",
        "name" : "hasBeginning",
        "propertyUrl" : "http://www.w3.org/2006/time#hasBeginning",
        "valueUrl" : "https://blank_Nodes_IRI.org/{+hasBeginning}"
      }, {
        "@type" : "Column",
        "titles" : "hasEnd",
        "name" : "hasEnd",
        "propertyUrl" : "http://www.w3.org/2006/time#hasEnd",
        "valueUrl" : "https://blank_Nodes_IRI.org/{+hasEnd}"
      }, {
        "@type" : "Column",
        "titles" : "inXSDDate",
        "name" : "inXSDDate",
        "propertyUrl" : "http://www.w3.org/2006/time#inXSDDate",
        "datatype" : "date"
      }, {
        "@type" : "Column",
        "titles" : "je-nespecifikovaný",
        "name" : "jenespecifikovan",
        "propertyUrl" : "https://slovník.gov.cz/generický/čas/pojem/je-nespecifikovaný",
        "datatype" : "boolean"
      }, {
        "@type" : "Column",
        "propertyUrl" : "rdf:type",
        "valueUrl" : "{+type}",
        "aboutUrl" : "{+Concept}",
        "virtual" : true
      } ],
      "primaryKey" : "Subject",
      "rowTitles" : [ "Subject", "type", "altLabel_cs", "altLabel_en", "inScheme", "notation", "prefLabel_cs", "prefLabel_en", "temporal", "note_cs", "definition_cs", "hasBeginning", "hasEnd", "inXSDDate", "jenespecifikovan" ]
    },
    "transformations" : [ {
      "@type" : "Template",
      "url" : "https://raw.githubusercontent.com/LadyMalande/RDFtoCSVNotes/main/scripts/transformationForBlankNodesStreamed.js",
      "scriptFormat" : "http://www.iana.org/assignments/media-types/application/javascript",
      "targetFormat" : "http://www.iana.org/assignments/media-types/turtle",
      "source" : "rdf",
      "titles" : "RDF format used as the output format in the transformation from CSV to RDF"
    } ]
  } ]
}