{
  "@context" : "http://www.w3.org/ns/csvw",
  "@type" : "TableGroup",
  "tables" : [ {
    "@type" : "Table",
    "url" : "streamingSample02.csv",
    "tableSchema" : {
      "@type" : "Schema",
      "columns" : [ {
        "@type" : "Column",
        "titles" : "Subject",
        "name" : "Subject",
        "valueUrl" : "http://example.org/resource/{+Subject}",
        "suppressOutput" : true
      }, {
        "@type" : "Column",
        "titles" : "predicate01",
        "name" : "predicate01",
        "propertyUrl" : "http://example.org/predicate01",
        "valueUrl" : "http://example.org/resource/{+predicate01}",
        "aboutUrl" : "http://example.org/resource/{+Subject}"
      } ],
      "primaryKey" : "Subject",
      "rowTitles" : [ "Subject", "predicate01" ]
    }
  } ]
}