{
  "@context" : "http://www.w3.org/ns/csvw",
  "@type" : "TableGroup",
  "tables" : [ {
    "@type" : "Table",
    "url" : "streamingSample02.csv",
    "tableSchema" : {
      "@type" : "Schema",
      "columns" : [ {
        "@type" : "Column",
        "titles" : "Subject",
        "name" : "Subject",
        "valueUrl" : "http://example.org/resource/{+Subject}",
        "suppressOutput" : true
      }, {
        "@type" : "Column",
        "titles" : "predicate01",
        "name" : "predicate01",
        "propertyUrl" : "http://example.org/predicate01",
        "valueUrl" : "http://example.org/resource/{+predicate01}",
        "aboutUrl" : "http://example.org/resource/{+Subject}"
      } ],
      "primaryKey" : "Subject",
      "rowTitles" : [ "Subject", "predicate01" ]
    },
    "config" : {
      "file" : "RDFtoCSV/src/test/resources/StreamingNTriples/streamingSample02.nt",
      "logLevel" : "INFO",
      "multipleTables" : false,
      "parsing" : "rdf4j",
      "streaming" : false,
      "firstNormalForm" : true,
      "columnNamingConvention" : "original",
      "preferredLanguages" : "en,cs",
      "conversionMethod" : "basicQuery",
      "intermediateFileNames" : "streamingSample02.csv,",
      "conversionHasBlankNodes" : false,
      "conversionHasRdfTypes" : false,
      "outputZipFileName" : "streamingSample02_CSVW.zip",
      "readMethod" : "rdf4j",
      "metadataRowNums" : false,
      "outputFilePath" : "../RDFtoCSV/src/test/resources/StreamingNTriples/streamingSample02.nt",
      "outputMetadataFileName" : "streamingSample02.csv-metadata.json",
      "outputFileName" : "streamingSample02",
      "streamingContinuous" : false,
      "simpleBasicQuery" : false,
      "inputFileName" : "RDFtoCSV/src/test/resources/StreamingNTriples/streamingSample02.nt",
      "default_OUTPUT" : "RDFtoCSVOutput.csv",
      "default_PARSING" : "rdf4j",
      "default_STREAMING" : false,
      "default_METADATA_ROWNUMS" : false,
      "default_FIRST_NORMAL_FORM" : true,
      "default_MULTIPLE_TABLES" : false,
      "default_STREAMING_CONTINUOUS" : false,
      "default_SIMPLE_BASIC_QUERY" : false,
      "default_CONVERSION_METHOD" : "basicQuery",
      "default_READ_METHOD" : "rdf4j",
      "default_LOG_LEVEL" : "INFO",
      "default_CONVERSION_HAS_BLANK_NODES" : false,
      "default_CONVERSION_HAS_RDF_TYPES" : true
    }
  } ]
}