Subject,legalName (cs),notation,type
1608,Turisticko informační centrum (TIC),00101460,RegisteredOrganization
1848,Turisticko informační centrum (TIC),00101460,RegisteredOrganization
1968,Turisticko informační centrum (TIC),00101460,RegisteredOrganization
1724,Turisticko informační centrum (TIC),00101460,RegisteredOrganization
1602,Turisticko informační centrum (TIC),00101460,RegisteredOrganization
1841,Turisticko informační centrum (TIC),00101460,RegisteredOrganization
1962,Turisticko informační centrum (TIC),00101460,RegisteredOrganization
1960,Turisticko informační centrum (TIC),00101460,RegisteredOrganization
1716,Turisticko informační centrum (TIC),00101460,RegisteredOrganization
1835,Turisticko informační centrum (TIC),00101460,RegisteredOrganization
1954,Turisticko informační centrum (TIC),00101460,RegisteredOrganization
2718,Turisticko informační centrum (TIC),00101460,RegisteredOrganization
1628,Turisticko informační centrum (TIC),00101460,RegisteredOrganization
1749,Turisticko informační centrum (TIC),00101460,RegisteredOrganization
1868,Turisticko informační centrum (TIC),00101460,RegisteredOrganization
1503,Turisticko informační centrum (TIC),00101460,RegisteredOrganization
1987,Turisticko informační centrum (TIC),00101460,RegisteredOrganization
2713,Turisticko informační centrum (TIC),00101460,RegisteredOrganization
1622,Turisticko informační centrum (TIC),00101460,RegisteredOrganization
1743,Turisticko informační centrum (TIC),00101460,RegisteredOrganization
1862,Turisticko informační centrum (TIC),00101460,RegisteredOrganization
1980,Turisticko informační centrum (TIC),00101460,RegisteredOrganization
2708,Turisticko informační centrum (TIC),00101460,RegisteredOrganization
1616,Turisticko informační centrum (TIC),00101460,RegisteredOrganization
1737,Turisticko informační centrum (TIC),00101460,RegisteredOrganization
1614,Turisticko informační centrum (TIC),00101460,RegisteredOrganization
1856,Turisticko informační centrum (TIC),00101460,RegisteredOrganization
2701,Turisticko informační centrum (TIC),00101460,RegisteredOrganization
1974,Turisticko informační centrum (TIC),00101460,RegisteredOrganization
1730,Turisticko informační centrum (TIC),00101460,RegisteredOrganization
1809,Turisticko informační centrum (TIC),00101460,RegisteredOrganization
1928,Turisticko informační centrum (TIC),00101460,RegisteredOrganization
1802,Turisticko informační centrum (TIC),00101460,RegisteredOrganization
1920,Turisticko informační centrum (TIC),00101460,RegisteredOrganization
1914,Turisticko informační centrum (TIC),00101460,RegisteredOrganization
1708,Turisticko informační centrum (TIC),00101460,RegisteredOrganization
1829,Turisticko informační centrum (TIC),00101460,RegisteredOrganization
1948,Turisticko informační centrum (TIC),00101460,RegisteredOrganization
1823,Turisticko informační centrum (TIC),00101460,RegisteredOrganization
1701,Turisticko informační centrum (TIC),00101460,RegisteredOrganization
1821,Turisticko informační centrum (TIC),00101460,RegisteredOrganization
1941,Turisticko informační centrum (TIC),00101460,RegisteredOrganization
1815,Turisticko informační centrum (TIC),00101460,RegisteredOrganization
1934,Turisticko informační centrum (TIC),00101460,RegisteredOrganization
1569,Turisticko informační centrum (TIC),00101460,RegisteredOrganization
2416,Turisticko informační centrum (TIC),00101460,RegisteredOrganization
2658,Turisticko informační centrum (TIC),00101460,RegisteredOrganization
1205,Turisticko informační centrum (TIC),00101460,RegisteredOrganization
1689,Turisticko informační centrum (TIC),00101460,RegisteredOrganization
2535,Turisticko informační centrum (TIC),00101460,RegisteredOrganization
1203,Turisticko informační centrum (TIC),00101460,RegisteredOrganization
1324,Turisticko informační centrum (TIC),00101460,RegisteredOrganization
1445,Turisticko informační centrum (TIC),00101460,RegisteredOrganization
1686,Turisticko informační centrum (TIC),00101460,RegisteredOrganization
1443,Turisticko informační centrum (TIC),00101460,RegisteredOrganization
2411,Turisticko informační centrum (TIC),00101460,RegisteredOrganization
2653,Turisticko informační centrum (TIC),00101460,RegisteredOrganization
1562,Turisticko informační centrum (TIC),00101460,RegisteredOrganization
2530,Turisticko informační centrum (TIC),00101460,RegisteredOrganization
1681,Turisticko informační centrum (TIC),00101460,RegisteredOrganization
1317,Turisticko informační centrum (TIC),00101460,RegisteredOrganization
2406,Turisticko informační centrum (TIC),00101460,RegisteredOrganization
2525,Turisticko informační centrum (TIC),00101460,RegisteredOrganization
2646,Turisticko informační centrum (TIC),00101460,RegisteredOrganization
1435,Turisticko informační centrum (TIC),00101460,RegisteredOrganization
1556,Turisticko informační centrum (TIC),00101460,RegisteredOrganization
2523,Turisticko informační centrum (TIC),00101460,RegisteredOrganization
1675,Turisticko informační centrum (TIC),00101460,RegisteredOrganization
1796,Turisticko informační centrum (TIC),00101460,RegisteredOrganization
2401,Turisticko informační centrum (TIC),00101460,RegisteredOrganization
1311,Turisticko informační centrum (TIC),00101460,RegisteredOrganization
2521,Turisticko informační centrum (TIC),00101460,RegisteredOrganization
2640,Turisticko informační centrum (TIC),00101460,RegisteredOrganization
1550,Turisticko informační centrum (TIC),00101460,RegisteredOrganization
1230,Turisticko informační centrum (TIC),00101460,RegisteredOrganization
1350,Turisticko informační centrum (TIC),00101460,RegisteredOrganization
1470,Turisticko informační centrum (TIC),00101460,RegisteredOrganization
2680,Turisticko informační centrum (TIC),00101460,RegisteredOrganization
2439,Turisticko informační centrum (TIC),00101460,RegisteredOrganization
1106,Turisticko informační centrum (TIC),00101460,RegisteredOrganization
2558,Turisticko informační centrum (TIC),00101460,RegisteredOrganization
1589,Turisticko informační centrum (TIC),00101460,RegisteredOrganization
2678,Turisticko informační centrum (TIC),00101460,RegisteredOrganization
1223,Turisticko informační centrum (TIC),00101460,RegisteredOrganization
1344,Turisticko informační centrum (TIC),00101460,RegisteredOrganization
2433,Turisticko informační centrum (TIC),00101460,RegisteredOrganization
1464,Turisticko informační centrum (TIC),00101460,RegisteredOrganization
2553,Turisticko informační centrum (TIC),00101460,RegisteredOrganization
2673,Turisticko informační centrum (TIC),00101460,RegisteredOrganization
1341,Turisticko informační centrum (TIC),00101460,RegisteredOrganization
1583,Turisticko informační centrum (TIC),00101460,RegisteredOrganization
2428,Turisticko informační centrum (TIC),00101460,RegisteredOrganization
1217,Turisticko informační centrum (TIC),00101460,RegisteredOrganization
2668,Turisticko informační centrum (TIC),00101460,RegisteredOrganization
1336,Turisticko informační centrum (TIC),00101460,RegisteredOrganization
1457,Turisticko informační centrum (TIC),00101460,RegisteredOrganization
2546,Turisticko informační centrum (TIC),00101460,RegisteredOrganization
1577,Turisticko informační centrum (TIC),00101460,RegisteredOrganization
2423,Turisticko informační centrum (TIC),00101460,RegisteredOrganization
1211,Turisticko informační centrum (TIC),00101460,RegisteredOrganization
1695,Turisticko informační centrum (TIC),00101460,RegisteredOrganization
2663,Turisticko informační centrum (TIC),00101460,RegisteredOrganization
1330,Turisticko informační centrum (TIC),00101460,RegisteredOrganization
1451,Turisticko informační centrum (TIC),00101460,RegisteredOrganization
2540,Turisticko informační centrum (TIC),00101460,RegisteredOrganization
1408,Turisticko informační centrum (TIC),00101460,RegisteredOrganization
2618,Turisticko informační centrum (TIC),00101460,RegisteredOrganization
1649,Turisticko informační centrum (TIC),00101460,RegisteredOrganization
1769,Turisticko informační centrum (TIC),00101460,RegisteredOrganization
2735,Turisticko informační centrum (TIC),00101460,RegisteredOrganization
1887,Turisticko informační centrum (TIC),00101460,RegisteredOrganization
2613,Turisticko informační centrum (TIC),00101460,RegisteredOrganization
1402,Turisticko informační centrum (TIC),00101460,RegisteredOrganization
1523,Turisticko informační centrum (TIC),00101460,RegisteredOrganization
1763,Turisticko informační centrum (TIC),00101460,RegisteredOrganization
2731,Turisticko informační centrum (TIC),00101460,RegisteredOrganization
1641,Turisticko informační centrum (TIC),00101460,RegisteredOrganization
1881,Turisticko informační centrum (TIC),00101460,RegisteredOrganization
2608,Turisticko informační centrum (TIC),00101460,RegisteredOrganization
2728,Turisticko informační centrum (TIC),00101460,RegisteredOrganization
1517,Turisticko informační centrum (TIC),00101460,RegisteredOrganization
1757,Turisticko informační centrum (TIC),00101460,RegisteredOrganization
2603,Turisticko informační centrum (TIC),00101460,RegisteredOrganization
1634,Turisticko informační centrum (TIC),00101460,RegisteredOrganization
1755,Turisticko informační centrum (TIC),00101460,RegisteredOrganization
2723,Turisticko informační centrum (TIC),00101460,RegisteredOrganization
1875,Turisticko informační centrum (TIC),00101460,RegisteredOrganization
1511,Turisticko informační centrum (TIC),00101460,RegisteredOrganization
1790,Turisticko informační centrum (TIC),00101460,RegisteredOrganization
1429,Turisticko informační centrum (TIC),00101460,RegisteredOrganization
1669,Turisticko informační centrum (TIC),00101460,RegisteredOrganization
2516,Turisticko informační centrum (TIC),00101460,RegisteredOrganization
1547,Turisticko informační centrum (TIC),00101460,RegisteredOrganization
1304,Turisticko informační centrum (TIC),00101460,RegisteredOrganization
2635,Turisticko informační centrum (TIC),00101460,RegisteredOrganization
1422,Turisticko informační centrum (TIC),00101460,RegisteredOrganization
2511,Turisticko informační centrum (TIC),00101460,RegisteredOrganization
1542,Turisticko informační centrum (TIC),00101460,RegisteredOrganization
1662,Turisticko informační centrum (TIC),00101460,RegisteredOrganization
2630,Turisticko informační centrum (TIC),00101460,RegisteredOrganization
1782,Turisticko informační centrum (TIC),00101460,RegisteredOrganization
2750,Turisticko informační centrum (TIC),00101460,RegisteredOrganization
2628,Turisticko informační centrum (TIC),00101460,RegisteredOrganization
2506,Turisticko informační centrum (TIC),00101460,RegisteredOrganization
1416,Turisticko informační centrum (TIC),00101460,RegisteredOrganization
1536,Turisticko informační centrum (TIC),00101460,RegisteredOrganization
1656,Turisticko informační centrum (TIC),00101460,RegisteredOrganization
2745,Turisticko informační centrum (TIC),00101460,RegisteredOrganization
2623,Turisticko informační centrum (TIC),00101460,RegisteredOrganization
1775,Turisticko informační centrum (TIC),00101460,RegisteredOrganization
2501,Turisticko informační centrum (TIC),00101460,RegisteredOrganization
1895,Turisticko informační centrum (TIC),00101460,RegisteredOrganization
1410,Turisticko informační centrum (TIC),00101460,RegisteredOrganization
1530,Turisticko informační centrum (TIC),00101460,RegisteredOrganization
2740,Turisticko informační centrum (TIC),00101460,RegisteredOrganization
1892,Turisticko informační centrum (TIC),00101460,RegisteredOrganization
1296,Turisticko informační centrum (TIC),00101460,RegisteredOrganization
2022,Turisticko informační centrum (TIC),00101460,RegisteredOrganization
2383,Turisticko informační centrum (TIC),00101460,RegisteredOrganization
1172,Turisticko informační centrum (TIC),00101460,RegisteredOrganization
1289,Turisticko informační centrum (TIC),00101460,RegisteredOrganization
2136,Turisticko informační centrum (TIC),00101460,RegisteredOrganization
2378,Turisticko informační centrum (TIC),00101460,RegisteredOrganization
1166,Turisticko informační centrum (TIC),00101460,RegisteredOrganization
2496,Turisticko informační centrum (TIC),00101460,RegisteredOrganization
2373,Turisticko informační centrum (TIC),00101460,RegisteredOrganization
1283,Turisticko informační centrum (TIC),00101460,RegisteredOrganization
2371,Turisticko informační centrum (TIC),00101460,RegisteredOrganization
1158,Turisticko informační centrum (TIC),00101460,RegisteredOrganization
2489,Turisticko informační centrum (TIC),00101460,RegisteredOrganization
1277,Turisticko informační centrum (TIC),00101460,RegisteredOrganization
2366,Turisticko informační centrum (TIC),00101460,RegisteredOrganization
1396,Turisticko informační centrum (TIC),00101460,RegisteredOrganization
1197,Turisticko informační centrum (TIC),00101460,RegisteredOrganization
1191,Turisticko informační centrum (TIC),00101460,RegisteredOrganization
2396,Turisticko informační centrum (TIC),00101460,RegisteredOrganization
1185,Turisticko informační centrum (TIC),00101460,RegisteredOrganization
2389,Turisticko informační centrum (TIC),00101460,RegisteredOrganization
1178,Turisticko informační centrum (TIC),00101460,RegisteredOrganization
1131,Turisticko informační centrum (TIC),00101460,RegisteredOrganization
2461,Turisticko informační centrum (TIC),00101460,RegisteredOrganization
1250,Turisticko informační centrum (TIC),00101460,RegisteredOrganization
1371,Turisticko informační centrum (TIC),00101460,RegisteredOrganization
2580,Turisticko informační centrum (TIC),00101460,RegisteredOrganization
1490,Turisticko informační centrum (TIC),00101460,RegisteredOrganization
2219,Turisticko informační centrum (TIC),00101460,RegisteredOrganization
1125,Turisticko informační centrum (TIC),00101460,RegisteredOrganization
2456,Turisticko informační centrum (TIC),00101460,RegisteredOrganization
1244,Turisticko informační centrum (TIC),00101460,RegisteredOrganization
2575,Turisticko informační centrum (TIC),00101460,RegisteredOrganization
2695,Turisticko informační centrum (TIC),00101460,RegisteredOrganization
1363,Turisticko informační centrum (TIC),00101460,RegisteredOrganization
1484,Turisticko informační centrum (TIC),00101460,RegisteredOrganization
2573,Turisticko informační centrum (TIC),00101460,RegisteredOrganization
2451,Turisticko informační centrum (TIC),00101460,RegisteredOrganization
2690,Turisticko informační centrum (TIC),00101460,RegisteredOrganization
1118,Turisticko informační centrum (TIC),00101460,RegisteredOrganization
1238,Turisticko informační centrum (TIC),00101460,RegisteredOrganization
2568,Turisticko informační centrum (TIC),00101460,RegisteredOrganization
1478,Turisticko informační centrum (TIC),00101460,RegisteredOrganization
2325,Turisticko informační centrum (TIC),00101460,RegisteredOrganization
2446,Turisticko informační centrum (TIC),00101460,RegisteredOrganization
1356,Turisticko informační centrum (TIC),00101460,RegisteredOrganization
1476,Turisticko informační centrum (TIC),00101460,RegisteredOrganization
1112,Turisticko informační centrum (TIC),00101460,RegisteredOrganization
1596,Turisticko informační centrum (TIC),00101460,RegisteredOrganization
2685,Turisticko informační centrum (TIC),00101460,RegisteredOrganization
2563,Turisticko informační centrum (TIC),00101460,RegisteredOrganization
2483,Turisticko informační centrum (TIC),00101460,RegisteredOrganization
1151,Turisticko informační centrum (TIC),00101460,RegisteredOrganization
1272,Turisticko informační centrum (TIC),00101460,RegisteredOrganization
2361,Turisticko informační centrum (TIC),00101460,RegisteredOrganization
1390,Turisticko informační centrum (TIC),00101460,RegisteredOrganization
1269,Turisticko informační centrum (TIC),00101460,RegisteredOrganization
2478,Turisticko informační centrum (TIC),00101460,RegisteredOrganization
2356,Turisticko informační centrum (TIC),00101460,RegisteredOrganization
1145,Turisticko informační centrum (TIC),00101460,RegisteredOrganization
2596,Turisticko informační centrum (TIC),00101460,RegisteredOrganization
1263,Turisticko informační centrum (TIC),00101460,RegisteredOrganization
2473,Turisticko informační centrum (TIC),00101460,RegisteredOrganization
1383,Turisticko informační centrum (TIC),00101460,RegisteredOrganization
2351,Turisticko informační centrum (TIC),00101460,RegisteredOrganization
2471,Turisticko informační centrum (TIC),00101460,RegisteredOrganization
2590,Turisticko informační centrum (TIC),00101460,RegisteredOrganization
1139,Turisticko informační centrum (TIC),00101460,RegisteredOrganization
1136,Turisticko informační centrum (TIC),00101460,RegisteredOrganization
1257,Turisticko informační centrum (TIC),00101460,RegisteredOrganization
2346,Turisticko informační centrum (TIC),00101460,RegisteredOrganization
1377,Turisticko informační centrum (TIC),00101460,RegisteredOrganization
2466,Turisticko informační centrum (TIC),00101460,RegisteredOrganization
1496,Turisticko informační centrum (TIC),00101460,RegisteredOrganization
2585,Turisticko informační centrum (TIC),00101460,RegisteredOrganization
1907,Turisticko informační centrum (TIC),00101460,RegisteredOrganization
1901,Turisticko informační centrum (TIC),00101460,RegisteredOrganization
2057,Turisticko informační centrum (TIC),00101460,RegisteredOrganization
2080,Turisticko informační centrum (TIC),00101460,RegisteredOrganization
