Subject,hasEnd,hasBeginning,type
1609,1611,1610,ProperInterval
1969,1971,1970,ProperInterval
1725,1727,1726,ProperInterval
1603,1605,1604,ProperInterval
1843,1845,1844,ProperInterval
1842,1850,1849,ProperInterval
1963,1965,1964,ProperInterval
1717,1719,1718,ProperInterval
1836,1838,1837,ProperInterval
1955,1957,1956,ProperInterval
1830,1832,1831,ProperInterval
2719,2721,2720,ProperInterval
1629,1631,1630,ProperInterval
1869,1871,1870,ProperInterval
1504,1506,1505,ProperInterval
2714,2716,2715,ProperInterval
1623,1625,1624,ProperInterval
1744,1746,1745,ProperInterval
1500,1508,1507,ProperInterval
1863,1865,1864,ProperInterval
1982,1984,1983,ProperInterval
1981,1989,1988,ProperInterval
2709,2711,2710,ProperInterval
1617,1619,1618,ProperInterval
1738,1740,1739,ProperInterval
1857,1859,1858,ProperInterval
2704,2706,2705,ProperInterval
1975,1977,1976,ProperInterval
1731,1733,1732,ProperInterval
1851,1853,1852,ProperInterval
1929,1931,1930,ProperInterval
1803,1805,1804,ProperInterval
1923,1925,1924,ProperInterval
1915,1917,1916,ProperInterval
1912,1922,1921,ProperInterval
1709,1711,1710,ProperInterval
1949,1951,1950,ProperInterval
1705,1713,1712,ProperInterval
1824,1826,1825,ProperInterval
1702,1704,1703,ProperInterval
1943,1945,1944,ProperInterval
1816,1818,1817,ProperInterval
1936,1938,1937,ProperInterval
1810,1812,1811,ProperInterval
1570,1572,1571,ProperInterval
1690,1692,1691,ProperInterval
2417,2419,2418,ProperInterval
2659,2661,2660,ProperInterval
1206,1208,1207,ProperInterval
2536,2538,2537,ProperInterval
1325,1327,1326,ProperInterval
1446,1448,1447,ProperInterval
1566,1574,1573,ProperInterval
2412,2414,2413,ProperInterval
2654,2656,2655,ProperInterval
1563,1565,1564,ProperInterval
2531,2533,2532,ProperInterval
1682,1684,1683,ProperInterval
1318,1321,1320,ProperInterval
2407,2409,2408,ProperInterval
1438,1440,1439,ProperInterval
2526,2528,2527,ProperInterval
2647,2649,2648,ProperInterval
1557,1559,1558,ProperInterval
1676,1678,1677,ProperInterval
1797,1799,1798,ProperInterval
2402,2404,2403,ProperInterval
2644,2651,2650,ProperInterval
1312,1314,1313,ProperInterval
2641,2643,2642,ProperInterval
1430,1432,1431,ProperInterval
1551,1553,1552,ProperInterval
1351,1353,1352,ProperInterval
2440,2442,2441,ProperInterval
1471,1473,1472,ProperInterval
2681,2683,2682,ProperInterval
1590,1592,1591,ProperInterval
1107,1109,1108,ProperInterval
2559,2561,2560,ProperInterval
2437,2444,2443,ProperInterval
1225,1227,1226,ProperInterval
1224,1232,1231,ProperInterval
1345,1347,1346,ProperInterval
2434,2436,2435,ProperInterval
1465,1467,1466,ProperInterval
2554,2556,2555,ProperInterval
1101,1103,1102,ProperInterval
2674,2676,2675,ProperInterval
1584,1586,1585,ProperInterval
2429,2431,2430,ProperInterval
1218,1220,1219,ProperInterval
2549,2551,2550,ProperInterval
1459,1461,1460,ProperInterval
2669,2671,2670,ProperInterval
1337,1339,1338,ProperInterval
1578,1580,1579,ProperInterval
2424,2426,2425,ProperInterval
1212,1214,1213,ProperInterval
1696,1698,1697,ProperInterval
2664,2666,2665,ProperInterval
2542,2544,2543,ProperInterval
1331,1333,1332,ProperInterval
1452,1454,1453,ProperInterval
2541,2548,2547,ProperInterval
2619,2621,2620,ProperInterval
2736,2738,2737,ProperInterval
1888,1890,1889,ProperInterval
2614,2616,2615,ProperInterval
1403,1405,1404,ProperInterval
1524,1526,1525,ProperInterval
1644,1646,1645,ProperInterval
1764,1766,1765,ProperInterval
1882,1884,1883,ProperInterval
2609,2611,2610,ProperInterval
2729,2733,2732,ProperInterval
1518,1520,1519,ProperInterval
1758,1760,1759,ProperInterval
1636,1638,1637,ProperInterval
2604,2606,2605,ProperInterval
1635,1643,1642,ProperInterval
2724,2726,2725,ProperInterval
1876,1878,1877,ProperInterval
1512,1514,1513,ProperInterval
1750,1752,1751,ProperInterval
1670,1672,1671,ProperInterval
1791,1793,1792,ProperInterval
2517,2519,2518,ProperInterval
1427,1437,1436,ProperInterval
1305,1308,1307,ProperInterval
2636,2638,2637,ProperInterval
1423,1425,1424,ProperInterval
2512,2514,2513,ProperInterval
1543,1545,1544,ProperInterval
1663,1665,1664,ProperInterval
2631,2633,2632,ProperInterval
1783,1785,1784,ProperInterval
2751,2753,2752,ProperInterval
2507,2509,2508,ProperInterval
1417,1419,1418,ProperInterval
1537,1539,1538,ProperInterval
1779,1787,1786,ProperInterval
1657,1659,1658,ProperInterval
2746,2748,2747,ProperInterval
2624,2626,2625,ProperInterval
1776,1778,1777,ProperInterval
2502,2504,2503,ProperInterval
1896,1898,1897,ProperInterval
1411,1413,1412,ProperInterval
1531,1533,1532,ProperInterval
2741,2743,2742,ProperInterval
1651,1653,1652,ProperInterval
1650,1722,1721,ProperInterval
1770,1772,1771,ProperInterval
2384,2386,2385,ProperInterval
1173,1175,1174,ProperInterval
1291,1299,1298,ProperInterval
1290,1293,1292,ProperInterval
2379,2381,2380,ProperInterval
1167,1169,1168,ProperInterval
2497,2499,2498,ProperInterval
2374,2376,2375,ProperInterval
1284,1286,1285,ProperInterval
2250,2262,2261,ProperInterval
2490,2492,2491,ProperInterval
1159,1161,1160,ProperInterval
1278,1280,1279,ProperInterval
2367,2369,2368,ProperInterval
1156,1164,1163,ProperInterval
2487,2494,2493,ProperInterval
1397,1399,1398,ProperInterval
2283,2344,2343,ProperInterval
1192,1194,1193,ProperInterval
2038,2045,2044,ProperInterval
2397,2399,2398,ProperInterval
1186,1188,1187,ProperInterval
2152,2159,2158,ProperInterval
2390,2392,2391,ProperInterval
1179,1181,1180,ProperInterval
1297,1301,1300,ProperInterval
2462,2464,2463,ProperInterval
1251,1254,1253,ProperInterval
1372,1374,1373,ProperInterval
2340,2342,2341,ProperInterval
2581,2583,2582,ProperInterval
1491,1493,1492,ProperInterval
1126,1128,1127,ProperInterval
2457,2459,2458,ProperInterval
1245,1247,1246,ProperInterval
2576,2578,2577,ProperInterval
2697,2699,2698,ProperInterval
2696,2703,2702,ProperInterval
1364,1366,1365,ProperInterval
1485,1487,1486,ProperInterval
2452,2454,2453,ProperInterval
1360,1368,1367,ProperInterval
2691,2693,2692,ProperInterval
1119,1121,1120,ProperInterval
1239,1241,1240,ProperInterval
2569,2571,2570,ProperInterval
1479,1481,1480,ProperInterval
2447,2449,2448,ProperInterval
1357,1359,1358,ProperInterval
1113,1115,1114,ProperInterval
1597,1599,1598,ProperInterval
2686,2688,2687,ProperInterval
1233,1235,1234,ProperInterval
2564,2566,2565,ProperInterval
2484,2486,2485,ProperInterval
1152,1154,1153,ProperInterval
2362,2364,2363,ProperInterval
1270,1274,1273,ProperInterval
1391,1393,1392,ProperInterval
2479,2481,2480,ProperInterval
2357,2359,2358,ProperInterval
1146,1148,1147,ProperInterval
2597,2601,2600,ProperInterval
1264,1266,1265,ProperInterval
2474,2476,2475,ProperInterval
1384,1386,1385,ProperInterval
2352,2354,2353,ProperInterval
1140,1142,1141,ProperInterval
2592,2594,2593,ProperInterval
2591,2599,2598,ProperInterval
1258,1260,1259,ProperInterval
2347,2349,2348,ProperInterval
1378,1380,1379,ProperInterval
2467,2469,2468,ProperInterval
1497,1499,1498,ProperInterval
2586,2588,2587,ProperInterval
1132,1134,1133,ProperInterval
2096,2103,2102,ProperInterval
1908,1910,1909,ProperInterval
1902,1904,1903,ProperInterval
1098,1100,1099,ProperInterval
1095,1097,1096,ProperInterval
1198,1200,1199,ProperInterval
