Subject,encodingFormat,má-podmínky-užití,má-vykonavatele-majetkových-práv-autorských-u-autorského-díla,downloadUrl,type
802,jpeg,,,https://www.gotobrno.cz/wp-content/uploads/2020/01/akce2-800x600.jpg,CreativeWork
923,jpeg,,,https://www.gotobrno.cz/wp-content/uploads/2024/11/66ee0c84c23c7.jpg,CreativeWork
1051,jpeg,,,https://www.gotobrno.cz/wp-content/uploads/2024/11/grafika-pro-facebook-kampan-02-na-tmave-pozadi.jpg,CreativeWork
807,jpeg,,,https://www.gotobrno.cz/wp-content/uploads/2017/07/brno-panorama.jpg,CreativeWork
928,jpeg,,,https://www.gotobrno.cz/wp-content/uploads/2024/12/img_4478-scaled.jpg,CreativeWork
485,jpeg,,,https://www.gotobrno.cz/wp-content/uploads/2019/06/spilberk-panorama-gabzdyl.jpg,CreativeWork
365,jpeg,,,https://www.gotobrno.cz/wp-content/uploads/2024/12/obr-3.jpg,CreativeWork
124,jpeg,,,https://www.gotobrno.cz/wp-content/uploads/2024/12/img-20240815-wa0002.jpg,CreativeWork
56,jpeg,,,https://www.gotobrno.cz/wp-content/uploads/2024/09/problemovi_spoluzaci_w-12-scaled.jpg,CreativeWork
246,png,,,https://www.gotobrno.cz/wp-content/uploads/2024/11/god_and_eve.png,CreativeWork
489,jpeg,,,https://www.gotobrno.cz/wp-content/uploads/2018/12/janackovo-divadlo.jpg,CreativeWork
129,png,,,https://www.gotobrno.cz/wp-content/uploads/2024/12/poezie-skutecnosti-small.png,CreativeWork
60,jpeg,,,https://www.gotobrno.cz/wp-content/uploads/2017/06/mestske-divadlo-brno.jpg,CreativeWork
480,jpeg,,,https://www.gotobrno.cz/wp-content/uploads/2024/11/mistnost2-uprostred_holasomir3817_72dpi-inet.jpg,CreativeWork
360,jpeg,,,https://www.gotobrno.cz/wp-content/uploads/2023/12/207_220_kulova-hvezdokupa_1200.jpg,CreativeWork
241,jpeg,,,https://www.gotobrno.cz/wp-content/uploads/2024/09/rodinne-abonma-4.jpg,CreativeWork
64,jpeg,,,https://www.gotobrno.cz/wp-content/uploads/2024/11/6682b1b76a682.jpg,CreativeWork
919,jpeg,,,https://www.gotobrno.cz/wp-content/uploads/2024/12/20241205_042608-scaled.jpg,CreativeWork
1046,jpeg,,,https://www.gotobrno.cz/wp-content/uploads/2024/12/vr_06723-foto-vr-production-scaled.jpg,CreativeWork
933,jpeg,,,https://www.gotobrno.cz/wp-content/uploads/2024/11/jedlicka_u_obchodu.jpg,CreativeWork
812,jpeg,,,https://www.gotobrno.cz/wp-content/uploads/2024/11/speed-dating-17-12-go-to-brno-scaled.jpg,CreativeWork
1041,jpeg,,,https://www.gotobrno.cz/wp-content/uploads/2019/03/mahenka.jpg,CreativeWork
937,jpeg,,,https://www.gotobrno.cz/wp-content/uploads/2017/06/mestske-divadlo-brno.jpg,CreativeWork
817,jpeg,,,https://www.gotobrno.cz/wp-content/uploads/2024/09/dsc00382-kopie.jpg,CreativeWork
375,jpeg,,,https://www.gotobrno.cz/wp-content/uploads/2024/12/07-scaled.jpg,CreativeWork
134,png,,,https://www.gotobrno.cz/wp-content/uploads/2024/11/le-fils.png,CreativeWork
498,jpeg,,,https://www.gotobrno.cz/wp-content/uploads/2019/03/mahenka.jpg,CreativeWork
256,jpeg,,,https://www.gotobrno.cz/wp-content/uploads/2024/10/petr-altrichter-4-scaled.jpg,CreativeWork
46,jpeg,,,https://www.gotobrno.cz/wp-content/uploads/2023/11/nejvetsi-brnenske-varhany-katedrala-foto_frantiska-foto-scaled.jpg,CreativeWork
139,png,,,https://www.gotobrno.cz/wp-content/uploads/2024/09/probuzeni-2.png,CreativeWork
370,jpeg,,,https://www.gotobrno.cz/wp-content/uploads/2024/10/51strun_067__wz63654-scaled.jpg,CreativeWork
251,jpeg,,,https://www.gotobrno.cz/wp-content/uploads/2024/12/gb25-promo-cory.jpg,CreativeWork
51,jpeg,,,https://www.gotobrno.cz/wp-content/uploads/2024/03/brnenska-okruzni-trida_autor-neznamy-scaled.jpg,CreativeWork
494,jpeg,,,https://www.gotobrno.cz/wp-content/uploads/2024/09/dsc02567-scaled.jpg,CreativeWork
1037,jpeg,,,https://www.gotobrno.cz/wp-content/uploads/2024/11/mehrin2.jpg,CreativeWork
1076,jpeg,,,https://www.gotobrno.cz/wp-content/uploads/2024/12/467655423_1369423904077029_2570668596417887028_n.jpeg,CreativeWork
904,jpeg,,,https://www.gotobrno.cz/wp-content/uploads/2024/10/v-orchestru-3.jpg,CreativeWork
1071,jpeg,,,https://www.gotobrno.cz/wp-content/uploads/2024/12/468398776_1370745797278173_111802907216998462_n.jpeg,CreativeWork
101,jpeg,,,https://www.gotobrno.cz/wp-content/uploads/2024/10/dsc_6812-scaled.jpg,CreativeWork
78,jpeg,,,https://www.gotobrno.cz/wp-content/uploads/2024/12/betlemske-svetlo-u-bohunicke-kaplicky-1.jpg,CreativeWork
223,png,,,https://www.gotobrno.cz/wp-content/uploads/2018/04/bonjour-brrno.png,CreativeWork
466,jpeg,,,https://www.gotobrno.cz/wp-content/uploads/2024/01/mbf_foto_tiskova_zprava__0001_photo-archiv-moravske-galerie.jpg,CreativeWork
587,jpeg,,,https://www.gotobrno.cz/wp-content/uploads/2017/06/mestske-divadlo-brno.jpg,CreativeWork
346,jpeg,,,https://www.gotobrno.cz/wp-content/uploads/2024/10/alexandre-tharaud-1-scaled.jpg,CreativeWork
105,jpeg,,,https://www.gotobrno.cz/wp-content/uploads/2021/04/brno-space-days.jpg,CreativeWork
227,jpeg,,,https://www.gotobrno.cz/wp-content/uploads/2018/12/janackovo-divadlo.jpg,CreativeWork
82,jpeg,,,https://www.gotobrno.cz/wp-content/uploads/2019/03/mahenka.jpg,CreativeWork
4,jpeg,,,https://www.gotobrno.cz/wp-content/uploads/2024/11/strom100let_1920x463_web.jpg,CreativeWork
461,jpeg,,,https://www.gotobrno.cz/wp-content/uploads/2024/12/961-2-scaled.jpg,CreativeWork
582,jpeg,,,https://www.gotobrno.cz/wp-content/uploads/2019/03/0lb7643b-1.jpg,CreativeWork
341,jpeg,,,https://www.gotobrno.cz/wp-content/uploads/2018/12/janackovo-divadlo.jpg,CreativeWork
86,jpeg,,,https://www.gotobrno.cz/wp-content/uploads/2024/12/nz8_9571-mru.jpg,CreativeWork
1066,jpeg,,,https://www.gotobrno.cz/wp-content/uploads/2024/10/will_vinson_gtb.jpg,CreativeWork
9,png,,,https://www.gotobrno.cz/wp-content/uploads/2024/12/vanoce-na-radnici-2024_1920x1080px.png,CreativeWork
119,jpeg,,,https://www.gotobrno.cz/wp-content/uploads/2017/07/moravske-zemske-muzeum-monika-hlavacova.jpg,CreativeWork
914,jpeg,,,https://www.gotobrno.cz/wp-content/uploads/2024/12/church-7498969_1920.jpg,CreativeWork
1061,jpeg,,,https://www.gotobrno.cz/wp-content/uploads/2024/12/a9_07479-edit-edit-2-scaled.jpg,CreativeWork
232,jpeg,,,https://www.gotobrno.cz/wp-content/uploads/2024/11/narvan_header-scaled.jpg,CreativeWork
596,jpeg,,,https://www.gotobrno.cz/wp-content/uploads/2017/06/michalcikova_surgeon-48-scaled.jpg,CreativeWork
475,jpeg,,,https://www.gotobrno.cz/wp-content/uploads/2024/08/malba-kvety.jpg,CreativeWork
356,jpeg,,,https://www.gotobrno.cz/wp-content/uploads/2017/07/brno-panorama-zapad-slunce.jpg,CreativeWork
69,jpeg,,,https://www.gotobrno.cz/wp-content/uploads/2023/10/img_2051-scaled.jpg,CreativeWork
115,jpeg,,,https://www.gotobrno.cz/wp-content/uploads/2024/12/fb_img_1705235960896.jpg,CreativeWork
236,jpeg,,,https://www.gotobrno.cz/wp-content/uploads/2024/11/67483e3ab87ea.jpg,CreativeWork
470,jpeg,,,https://www.gotobrno.cz/wp-content/uploads/2019/03/mahenka.jpg,CreativeWork
73,jpeg,,,https://www.gotobrno.cz/wp-content/uploads/2018/12/janackovo-divadlo.jpg,CreativeWork
592,jpeg,,,https://www.gotobrno.cz/wp-content/uploads/2024/11/463085760_884483877108427_4419810504763260069_n.jpg,CreativeWork
351,jpeg,,,https://www.gotobrno.cz/wp-content/uploads/2024/11/aaaa.jpg,CreativeWork
110,jpeg,,,https://www.gotobrno.cz/wp-content/uploads/2024/12/brno-vanocni.jpg,CreativeWork
909,png,,,https://www.gotobrno.cz/wp-content/uploads/2024/12/stazeny-soubor-1.png,CreativeWork
1056,jpeg,,,https://www.gotobrno.cz/wp-content/uploads/2024/10/20240806_105905-scaled.jpg,CreativeWork
966,jpeg,,,https://www.gotobrno.cz/wp-content/uploads/2024/11/ensemble-versus-scaled.jpg,CreativeWork
18,jpeg,,,https://www.gotobrno.cz/wp-content/uploads/2017/06/sono-5.jpg,CreativeWork
846,jpeg,,,https://www.gotobrno.cz/wp-content/uploads/2024/10/k37a7996-scaled.jpg,CreativeWork
605,jpeg,,,https://www.gotobrno.cz/wp-content/uploads/2017/06/mestske-divadlo-brno.jpg,CreativeWork
168,jpeg,,,https://www.gotobrno.cz/wp-content/uploads/2017/06/cerveny.jpg,CreativeWork
961,jpeg,,,https://www.gotobrno.cz/wp-content/uploads/2024/11/b99a4a56-6c8a-40cc-87fa-afd149c10a38-15682-00000b4a998862fa.jpg,CreativeWork
14,jpeg,,,https://www.gotobrno.cz/wp-content/uploads/2024/11/slovacky-ples.jpg,CreativeWork
841,png,,,https://www.gotobrno.cz/wp-content/uploads/2024/10/svetelny-park-2.png,CreativeWork
600,jpeg,,,https://www.gotobrno.cz/wp-content/uploads/2021/04/golias1-soumrak-scaled.jpg,CreativeWork
723,jpeg,,,https://www.gotobrno.cz/wp-content/uploads/2021/06/img_0183-scaled-e1731937681962.jpg,CreativeWork
282,jpeg,,,https://www.gotobrno.cz/wp-content/uploads/2024/12/photo-1-1-scaled.jpg,CreativeWork
163,jpeg,,,https://www.gotobrno.cz/wp-content/uploads/2018/12/janackovo-divadlo.jpg,CreativeWork
1008,jpeg,,,https://www.gotobrno.cz/wp-content/uploads/2024/11/671b8ce61cf79.jpg,CreativeWork
286,jpeg,,,https://www.gotobrno.cz/wp-content/uploads/2019/03/0lb7643b-1.jpg,CreativeWork
1004,jpeg,,,https://www.gotobrno.cz/wp-content/uploads/2018/02/velikonocni-festival.jpg,CreativeWork
1000,jpeg,,,https://www.gotobrno.cz/wp-content/uploads/2024/12/dsc_4221-scaled.jpg,CreativeWork
735,jpeg,,,https://www.gotobrno.cz/wp-content/uploads/2024/11/2016-07-04-sipilberk-piknik.jpg,CreativeWork
615,jpeg,,,https://www.gotobrno.cz/wp-content/uploads/2024/10/mkt_nk_besedni-dum-2024_1.jpg,CreativeWork
859,jpeg,,,https://www.gotobrno.cz/wp-content/uploads/2024/10/3-25-1024x683-1.jpg,CreativeWork
739,jpeg,,,https://www.gotobrno.cz/wp-content/uploads/2021/06/10-brno-funkcionalisticke-hd.jpg,CreativeWork
178,jpeg,,,https://www.gotobrno.cz/wp-content/uploads/2024/12/469392512_1380938339592252_4840543461460721731_n.jpeg,CreativeWork
971,jpeg,,,https://www.gotobrno.cz/wp-content/uploads/2017/06/mendlak_augustini01_monika-hlavacova-pocket-media-s-r-o-2.jpg,CreativeWork
851,png,,,https://www.gotobrno.cz/wp-content/uploads/2023/09/taf-orez.png,CreativeWork
610,jpeg,,,https://www.gotobrno.cz/wp-content/uploads/2024/10/mk3-scaled.jpg,CreativeWork
731,jpeg,,,https://www.gotobrno.cz/wp-content/uploads/2021/06/dsc_7323-pano-hdr-edit_foto-michal-ruzicka-tic-brno.jpg,CreativeWork
976,jpeg,,,https://www.gotobrno.cz/wp-content/uploads/2024/11/varhanici_tic_720x1080_2024_254.jpg,CreativeWork
855,jpeg,,,https://www.gotobrno.cz/wp-content/uploads/2018/06/19851.jpg,CreativeWork
291,jpeg,,,https://www.gotobrno.cz/wp-content/uploads/2024/10/jacky-terrasson-scaled.jpg,CreativeWork
173,jpeg,,,https://www.gotobrno.cz/wp-content/uploads/2019/06/spilberk-panorama-gabzdyl.jpg,CreativeWork
295,jpeg,,,https://www.gotobrno.cz/wp-content/uploads/2018/12/janackovo-divadlo.jpg,CreativeWork
1032,jpeg,,,https://www.gotobrno.cz/wp-content/uploads/2017/06/michalcikova_surgeon-48-scaled.jpg,CreativeWork
703,jpeg,,,https://www.gotobrno.cz/wp-content/uploads/2023/02/mg_0069-min-scaled.jpg,CreativeWork
946,jpeg,,,https://www.gotobrno.cz/wp-content/uploads/2024/12/465647694_1355818678770885_8734188545008915559_n.jpeg,CreativeWork
827,jpeg,,,https://www.gotobrno.cz/wp-content/uploads/2024/10/462364093_567233079198501_7595998850643707294_n-1.jpg,CreativeWork
707,jpeg,,,https://www.gotobrno.cz/wp-content/uploads/2023/02/obecne-s-detmi-a-pruvodcem-4-min-scaled.jpg,CreativeWork
32,jpeg,,,https://www.gotobrno.cz/wp-content/uploads/2018/12/janackovo-divadlo.jpg,CreativeWork
147,jpeg,,,https://www.gotobrno.cz/wp-content/uploads/2019/03/mahenka.jpg,CreativeWork
269,jpeg,,,https://www.gotobrno.cz/wp-content/uploads/2017/06/mestske-divadlo-brno.jpg,CreativeWork
36,jpeg,,,https://www.gotobrno.cz/wp-content/uploads/2019/03/0lb7643b-1.jpg,CreativeWork
941,jpeg,,,https://www.gotobrno.cz/wp-content/uploads/2018/06/19851.jpg,CreativeWork
822,jpeg,,,https://www.gotobrno.cz/wp-content/uploads/2024/11/download-2.jpeg,CreativeWork
380,jpeg,,,https://www.gotobrno.cz/wp-content/uploads/2024/10/mk-4-ondrej-sejkora-c-vojtech-kaba-scaled.jpg,CreativeWork
260,jpeg,,,https://www.gotobrno.cz/wp-content/uploads/2019/03/0lb7643b-1.jpg,CreativeWork
41,jpeg,,,https://www.gotobrno.cz/wp-content/uploads/2023/11/betlem-foto_vojtech-cigl-scaled.jpg,CreativeWork
143,jpeg,,,https://www.gotobrno.cz/wp-content/uploads/2019/03/mahenka.jpg,CreativeWork
264,jpeg,,,https://www.gotobrno.cz/wp-content/uploads/2019/03/mahenka.jpg,CreativeWork
385,jpeg,,,https://www.gotobrno.cz/wp-content/uploads/2017/06/tugendhat-vt_copyright_david_zidlicky-1.jpg,CreativeWork
1027,jpeg,,,https://www.gotobrno.cz/wp-content/uploads/2024/12/vypraveni-ohen.jpg,CreativeWork
1022,jpeg,,,https://www.gotobrno.cz/wp-content/uploads/2018/12/janackovo-divadlo.jpg,CreativeWork
956,jpeg,,,https://www.gotobrno.cz/wp-content/uploads/2024/12/trasa_lata_jana-vasickova-3-1.jpg,CreativeWork
836,jpeg,,,https://www.gotobrno.cz/wp-content/uploads/2024/11/4.jpg,CreativeWork
715,jpeg,,,https://www.gotobrno.cz/wp-content/uploads/2023/02/prednaska-leos-janacek.jpg,CreativeWork
719,jpeg,,,https://www.gotobrno.cz/wp-content/uploads/2021/05/tematicke-prohlidky-2020_brno-pred-sto-lety_foto_tic-brno_frantiska-foto-kopie-scaled.jpg,CreativeWork
155,jpeg,,,https://www.gotobrno.cz/wp-content/uploads/2018/12/janackovo-divadlo.jpg,CreativeWork
398,jpeg,,,https://www.gotobrno.cz/wp-content/uploads/2019/03/mahenka.jpg,CreativeWork
277,jpeg,,,https://www.gotobrno.cz/wp-content/uploads/2024/10/frontcover_promo-1200x1200-1.jpg,CreativeWork
23,jpeg,,,https://www.gotobrno.cz/wp-content/uploads/2024/11/dscf4555-scaled.jpg,CreativeWork
159,jpeg,,,https://www.gotobrno.cz/wp-content/uploads/2024/11/6710fdb5c1db1.jpg,CreativeWork
951,jpeg,,,https://www.gotobrno.cz/wp-content/uploads/2024/11/img_3184-scaled.jpeg,CreativeWork
831,jpeg,,,https://www.gotobrno.cz/wp-content/uploads/2024/11/671b8a3694e3f.jpg,CreativeWork
711,jpeg,,,https://www.gotobrno.cz/wp-content/uploads/2023/02/jak-to-ruplo-tisk-23-min-scaled.jpg,CreativeWork
28,jpeg,,,https://www.gotobrno.cz/wp-content/uploads/2024/10/akvarelovy-workshop-v-brne.jpg,CreativeWork
390,jpeg,,,https://www.gotobrno.cz/wp-content/uploads/2017/06/knihovna.jpg,CreativeWork
151,jpeg,,,https://www.gotobrno.cz/wp-content/uploads/2024/11/671b459543f13.jpg,CreativeWork
273,jpeg,,,https://www.gotobrno.cz/wp-content/uploads/2024/06/hrdza_08b1912-edit-2-3000x3000-1-scaled.jpg,CreativeWork
394,jpeg,,,https://www.gotobrno.cz/wp-content/uploads/2018/12/janackovo-divadlo.jpg,CreativeWork
1018,jpeg,,,https://www.gotobrno.cz/wp-content/uploads/2024/12/413909656_7061354623887437_6908147806143655521_n.jpg,CreativeWork
1013,jpeg,,,https://www.gotobrno.cz/wp-content/uploads/2024/05/cathedral-in-brno_edited-scaled.jpg,CreativeWork
647,jpeg,,,https://www.gotobrno.cz/wp-content/uploads/2018/05/panorama_osmicky.jpg,CreativeWork
889,jpeg,,,https://www.gotobrno.cz/wp-content/uploads/2024/08/dozy-ker-scaled.jpg,CreativeWork
408,jpeg,,,https://www.gotobrno.cz/wp-content/uploads/2024/08/tulipany-scaled.jpg,CreativeWork
760,jpeg,,,https://www.gotobrno.cz/wp-content/uploads/2024/12/e60b6b78-a-1024x683-1.jpg,CreativeWork
884,jpeg,,,https://www.gotobrno.cz/wp-content/uploads/2017/06/sono-5.jpg,CreativeWork
521,jpeg,,,https://www.gotobrno.cz/wp-content/uploads/2019/03/0lb7643b-1.jpg,CreativeWork
642,jpeg,,,https://www.gotobrno.cz/wp-content/uploads/2024/12/konec-valky.jpg,CreativeWork
765,jpeg,,,https://www.gotobrno.cz/wp-content/uploads/2024/11/467765451_9629163547190813_4119886037577896108_n.jpg,CreativeWork
403,jpeg,,,https://www.gotobrno.cz/wp-content/uploads/2024/08/akvarel10.jpg,CreativeWork
525,jpeg,,,https://www.gotobrno.cz/wp-content/uploads/2024/11/670a84ab65603.jpg,CreativeWork
418,jpeg,,,https://www.gotobrno.cz/wp-content/uploads/2024/11/20231224172216-toci-z089762.jpg,CreativeWork
530,jpeg,,,https://www.gotobrno.cz/wp-content/uploads/2024/10/ivan-studio-scaled.jpg,CreativeWork
894,jpeg,,,https://www.gotobrno.cz/wp-content/uploads/2024/05/mask-g556d1a5ff_1920.jpg,CreativeWork
652,jpeg,,,https://www.gotobrno.cz/wp-content/uploads/2024/11/salak-foto-ztracene-zeme-scaled.jpg,CreativeWork
774,jpeg,,,https://www.gotobrno.cz/wp-content/uploads/2018/12/janackovo-divadlo.jpg,CreativeWork
413,jpeg,,,https://www.gotobrno.cz/wp-content/uploads/2024/11/rottonara2-1.jpg,CreativeWork
535,png,,,https://www.gotobrno.cz/wp-content/uploads/2024/12/stazeny-soubor.png,CreativeWork
656,jpeg,,,https://www.gotobrno.cz/wp-content/uploads/2018/06/19851.jpg,CreativeWork
778,jpeg,,,https://www.gotobrno.cz/wp-content/uploads/2024/03/encounter-3.jpg,CreativeWork
899,jpeg,,,https://www.gotobrno.cz/wp-content/uploads/2024/12/mg_2133.jpg,CreativeWork
770,jpeg,,,https://www.gotobrno.cz/wp-content/uploads/2024/12/strommm.jpg,CreativeWork
625,jpeg,,,https://www.gotobrno.cz/wp-content/uploads/2024/12/20241206_151038-scaled.jpg,CreativeWork
869,jpeg,,,https://www.gotobrno.cz/wp-content/uploads/2024/10/p1020880-scaled.jpg,CreativeWork
748,jpeg,,,https://www.gotobrno.cz/wp-content/uploads/2024/11/psh-facebook-new.jpg,CreativeWork
507,jpeg,,,https://www.gotobrno.cz/wp-content/uploads/2024/10/alexandre-tharaud-jean-baptiste-millot-scaled.jpg,CreativeWork
629,jpeg,,,https://www.gotobrno.cz/wp-content/uploads/2024/05/c30959ff-dbp_ohen_popel_foto-jakostare_1-1024x882-1.jpg,CreativeWork
981,jpeg,,,https://www.gotobrno.cz/wp-content/uploads/2017/07/brno-panorama.jpg,CreativeWork
620,jpeg,,,https://www.gotobrno.cz/wp-content/uploads/2024/09/ocelove-magnolie_vizual-scaled.jpg,CreativeWork
864,jpeg,,,https://www.gotobrno.cz/wp-content/uploads/2024/05/dsc_0068-scaled.jpg,CreativeWork
743,jpeg,,,https://www.gotobrno.cz/wp-content/uploads/2021/06/fb-01927-e1731941036679.jpg,CreativeWork
502,jpeg,,,https://www.gotobrno.cz/wp-content/uploads/2024/12/masopust-scaled.jpg,CreativeWork
986,png,,,https://www.gotobrno.cz/wp-content/uploads/2024/11/musica_figuralis.png,CreativeWork
182,jpeg,,,https://www.gotobrno.cz/wp-content/uploads/2024/10/pro-fb-03-aa.jpg,CreativeWork
186,jpeg,,,https://www.gotobrno.cz/wp-content/uploads/2024/12/8480f437-1-deskovy-statek_foto_david_konecny-scaled-1.jpg,CreativeWork
879,png,,,https://www.gotobrno.cz/wp-content/uploads/2024/12/gtb.png,CreativeWork
638,jpeg,,,https://www.gotobrno.cz/wp-content/uploads/2023/12/janacek_cabaret_jan_smach-90-scaled.jpg,CreativeWork
517,jpeg,,,https://www.gotobrno.cz/wp-content/uploads/2024/06/festival-meeting-brno_foto-tino-kratochvil-1-scaled.jpg,CreativeWork
199,jpeg,,,https://www.gotobrno.cz/wp-content/uploads/2018/12/janackovo-divadlo.jpg,CreativeWork
991,jpeg,,,https://www.gotobrno.cz/wp-content/uploads/2017/05/spirik_petrov-katedrala-petra-pavla-2.jpg,CreativeWork
752,jpeg,,,https://www.gotobrno.cz/wp-content/uploads/2019/03/mahenka.jpg,CreativeWork
874,jpeg,,,https://www.gotobrno.cz/wp-content/uploads/2024/10/kk-3-scaled.jpg,CreativeWork
995,jpeg,,,https://www.gotobrno.cz/wp-content/uploads/2018/06/19851.jpg,CreativeWork
512,jpeg,,,https://www.gotobrno.cz/wp-content/uploads/2022/06/medicus-orez.jpg,CreativeWork
633,jpeg,,,https://www.gotobrno.cz/wp-content/uploads/2024/05/c30959ff-dbp_ohen_popel_foto-jakostare_1-1024x882-1.jpg,CreativeWork
756,jpeg,,,https://www.gotobrno.cz/wp-content/uploads/2024/10/471f0b79-f-1024x683-1.jpg,CreativeWork
191,jpeg,,,https://www.gotobrno.cz/wp-content/uploads/2018/04/divadelni-svet-brno-ndb.jpg,CreativeWork
195,jpeg,,,https://www.gotobrno.cz/wp-content/uploads/2021/03/dny-elektronove-mikroskopie-hap-brno-scaled.jpg,CreativeWork
328,jpeg,,,https://www.gotobrno.cz/wp-content/uploads/2017/12/jazzfest-1-scaled.jpg,CreativeWork
209,jpeg,,,https://www.gotobrno.cz/wp-content/uploads/2024/04/01-1.jpg,CreativeWork
1094,jpeg,,,https://www.gotobrno.cz/wp-content/uploads/2019/03/0lb7643b-1.jpg,CreativeWork
1090,jpeg,,,https://www.gotobrno.cz/wp-content/uploads/2024/12/sveduv-stul-sinka-upr.jpg,CreativeWork
442,jpeg,,,https://www.gotobrno.cz/wp-content/uploads/2024/09/ferrari_1-scaled.jpg,CreativeWork
564,jpeg,,,https://www.gotobrno.cz/wp-content/uploads/2024/05/foto_1-scaled.jpg,CreativeWork
686,jpeg,,,https://www.gotobrno.cz/wp-content/uploads/2024/11/holubnik_studio_-_predvanocni_dilny_2024-scaled.jpg,CreativeWork
324,jpeg,,,https://www.gotobrno.cz/wp-content/uploads/2017/07/brno-panorama-zapad-slunce.jpg,CreativeWork
446,jpeg,,,https://www.gotobrno.cz/wp-content/uploads/2018/06/19851.jpg,CreativeWork
204,png,,,https://www.gotobrno.cz/wp-content/uploads/2024/10/drat_svoboda_mensi.png,CreativeWork
569,jpeg,,,https://www.gotobrno.cz/wp-content/uploads/2024/10/tomas-netopil-scaled.jpeg,CreativeWork
681,jpeg,,,https://www.gotobrno.cz/wp-content/uploads/2024/11/66fef9421af1d.jpg,CreativeWork
219,jpeg,,,https://www.gotobrno.cz/wp-content/uploads/2024/11/img_20230418_105803-scaled.jpg,CreativeWork
1086,jpeg,,,https://www.gotobrno.cz/wp-content/uploads/2024/12/img-20241016-wa0000.jpg,CreativeWork
1081,jpeg,,,https://www.gotobrno.cz/wp-content/uploads/2024/10/yazz-ahmed-4-scaled.jpg,CreativeWork
573,jpeg,,,https://www.gotobrno.cz/wp-content/uploads/2017/12/mahenovo-divadlo.jpg,CreativeWork
695,jpeg,,,https://www.gotobrno.cz/wp-content/uploads/2024/08/hlava-pripravka1.jpg,CreativeWork
333,jpeg,,,https://www.gotobrno.cz/wp-content/uploads/2017/06/sono-5.jpg,CreativeWork
456,jpeg,,,https://www.gotobrno.cz/wp-content/uploads/2024/09/rodinne-abonma-2-scaled.jpg,CreativeWork
214,jpeg,,,https://www.gotobrno.cz/wp-content/uploads/2024/10/biondi-scaled.jpg,CreativeWork
699,jpeg,,,https://www.gotobrno.cz/wp-content/uploads/2018/12/janackovo-divadlo.jpg,CreativeWork
578,jpeg,,,https://www.gotobrno.cz/wp-content/uploads/2024/10/mozartuv-efekt-1-scaled.jpg,CreativeWork
337,jpeg,,,https://www.gotobrno.cz/wp-content/uploads/2018/12/janackovo-divadlo.jpg,CreativeWork
91,jpeg,,,https://www.gotobrno.cz/wp-content/uploads/2024/05/zanikle-sakralni-stavby.jpg,CreativeWork
690,jpeg,,,https://www.gotobrno.cz/wp-content/uploads/2024/11/670d24068c6c3.jpg,CreativeWork
96,jpeg,,,https://www.gotobrno.cz/wp-content/uploads/2018/02/brno-art-week-artitst-talk-scaled.jpeg,CreativeWork
451,jpeg,,,https://www.gotobrno.cz/wp-content/uploads/2021/06/tank-scaled.jpg,CreativeWork
428,jpeg,,,https://www.gotobrno.cz/wp-content/uploads/2024/10/432172356_793929319427151_3740849475386088378_n.jpg,CreativeWork
309,jpeg,,,https://www.gotobrno.cz/wp-content/uploads/2024/10/66d82feb-92af-4f1a-9df8-146a08018def-1.jpg,CreativeWork
540,png,,,https://www.gotobrno.cz/wp-content/uploads/2024/12/stazeny-soubor-1-1.png,CreativeWork
783,jpeg,,,https://www.gotobrno.cz/wp-content/uploads/2017/07/brno-panorama-zapad-slunce.jpg,CreativeWork
300,jpeg,,,https://www.gotobrno.cz/wp-content/uploads/2024/10/k37a7662-scaled.jpg,CreativeWork
664,jpeg,,,https://www.gotobrno.cz/wp-content/uploads/2017/06/mestske-divadlo-brno.jpg,CreativeWork
423,jpeg,,,https://www.gotobrno.cz/wp-content/uploads/2017/07/brno-panorama.jpg,CreativeWork
787,jpeg,,,https://www.gotobrno.cz/wp-content/uploads/2017/06/sono-5.jpg,CreativeWork
545,jpeg,,,https://www.gotobrno.cz/wp-content/uploads/2017/07/brno-panorama.jpg,CreativeWork
304,jpeg,,,https://www.gotobrno.cz/wp-content/uploads/2018/06/19851.jpg,CreativeWork
668,jpeg,,,https://www.gotobrno.cz/wp-content/uploads/2019/03/0lb7643b-1.jpg,CreativeWork
660,jpeg,,,https://www.gotobrno.cz/wp-content/uploads/2024/05/af053118-0-1024x602-1.jpg,CreativeWork
438,jpeg,,,https://www.gotobrno.cz/wp-content/uploads/2018/02/lakomec-26.jpg,CreativeWork
559,jpeg,,,https://www.gotobrno.cz/wp-content/uploads/2024/11/janacek.jpg,CreativeWork
319,jpeg,,,https://www.gotobrno.cz/wp-content/uploads/2017/07/brno-panorama-zapad-slunce.jpg,CreativeWork
672,jpeg,,,https://www.gotobrno.cz/wp-content/uploads/2021/04/1-227-scaled.jpg,CreativeWork
433,jpeg,,,https://www.gotobrno.cz/wp-content/uploads/2018/12/janackovo-divadlo.jpg,CreativeWork
797,jpeg,,,https://www.gotobrno.cz/wp-content/uploads/2024/10/jiri-vodicka-gtb-scaled.jpg,CreativeWork
555,jpeg,,,https://www.gotobrno.cz/wp-content/uploads/2024/11/monkey-business-post.jpg,CreativeWork
677,jpeg,,,https://www.gotobrno.cz/wp-content/uploads/2017/06/mestske-divadlo-brno.jpg,CreativeWork
314,jpeg,,,https://www.gotobrno.cz/wp-content/uploads/2024/10/r5a0563-web-scaled.jpg,CreativeWork
550,png,,,https://www.gotobrno.cz/wp-content/uploads/2024/11/moja-rec-fleda-post.png,CreativeWork
792,jpeg,,,https://www.gotobrno.cz/wp-content/uploads/2024/12/405770117_7897237023624133_8307928554074781018_n.jpg,CreativeWork
