Subject,databáze-chráněná-zvláštními-právy-pořizovatele-databáze,obsahuje-více-autorských-děl,originální-databáze,obsahuje-osobní-údaje,licence-autorského-díla,type,obsahuje-autorské-dílo
1295,,,,,,podmínky-užití,
2021,,,,,,podmínky-užití,
2382,,,,,,podmínky-užití,
1171,,,,,,podmínky-užití,
1729,,,,,,podmínky-užití,
1607,,,,,,podmínky-užití,
1847,,,,,,podmínky-užití,
1967,,,,,,podmínky-užití,
1723,,,,,,podmínky-užití,
1601,,,,,,podmínky-užití,
1840,,,,,,podmínky-užití,
1961,,,,,,podmínky-užití,
1288,,,,,,podmínky-užití,
2135,,,,,,podmínky-užití,
2377,,,,,,podmínky-užití,
1165,,,,,,podmínky-užití,
2495,,,,,,podmínky-užití,
2372,,,,,,podmínky-užití,
1282,,,,,,podmínky-užití,
2370,,,,,,podmínky-užití,
1959,,,,,,podmínky-užití,
1715,,,,,,podmínky-užití,
1834,,,,,,podmínky-užití,
1953,,,,,,podmínky-užití,
1157,,,,,,podmínky-užití,
2488,,,,,,podmínky-užití,
1276,,,,,,podmínky-užití,
2365,,,,,,podmínky-užití,
1196,,,,,,podmínky-užití,
1190,,,,,,podmínky-užití,
2717,,,,,,podmínky-užití,
1627,,,,,,podmínky-užití,
1748,,,,,,podmínky-užití,
1867,,,,,,podmínky-užití,
1502,,,,,,podmínky-užití,
1986,,,,,,podmínky-užití,
2712,,,,,,podmínky-užití,
1621,,,,,,podmínky-užití,
1742,,,,,,podmínky-užití,
1861,,,,,,podmínky-užití,
2395,,,,,,podmínky-užití,
1184,,,,,,podmínky-užití,
2707,,,,,,podmínky-užití,
1979,,,,,,podmínky-užití,
1615,,,,,,podmínky-užití,
1736,,,,,,podmínky-užití,
1613,,,,,,podmínky-užití,
1855,,,,,,podmínky-užití,
2700,,,,,,podmínky-užití,
1973,,,,,,podmínky-užití,
2388,,,,,,podmínky-užití,
1177,,,,,,podmínky-užití,
1130,,,,,,podmínky-užití,
2460,,,,,,podmínky-užití,
1370,,,,,,podmínky-užití,
1808,,,,,,podmínky-užití,
1927,,,,,,podmínky-užití,
1801,,,,,,podmínky-užití,
2218,,,,,,podmínky-užití,
1249,,,,,,podmínky-užití,
2579,,,,,,podmínky-užití,
1489,,,,,,podmínky-užití,
1124,,,,,,podmínky-užití,
2455,,,,,,podmínky-užití,
1243,,,,,,podmínky-užití,
2574,,,,,,podmínky-užití,
2694,,,,,,podmínky-užití,
1362,,,,,,podmínky-užití,
1483,,,,,,podmínky-užití,
2572,,,,,,podmínky-užití,
2450,,,,,,podmínky-užití,
1919,,,,,,podmínky-užití,
1913,,,,,,podmínky-užití,
1117,,,,,,podmínky-užití,
1237,,,,,,podmínky-užití,
2689,,,,,,podmínky-užití,
2567,,,,,,podmínky-užití,
1477,,,,,,podmínky-užití,
2324,,,,,,podmínky-užití,
2445,,,,,,podmínky-užití,
1355,,,,,,podmínky-užití,
1475,,,,,,podmínky-užití,
1111,,,,,,podmínky-užití,
1595,,,,,,podmínky-užití,
2684,,,,,,podmínky-užití,
2562,,,,,,podmínky-užití,
1395,,,,,,podmínky-užití,
2482,,,,,,podmínky-užití,
1150,,,,,,podmínky-užití,
1271,,,,,,podmínky-užití,
2360,,,,,,podmínky-užití,
1707,,,,,,podmínky-užití,
1828,,,,,,podmínky-užití,
1947,,,,,,podmínky-užití,
1822,,,,,,podmínky-užití,
1700,,,,,,podmínky-užití,
1820,,,,,,podmínky-užití,
1940,,,,,,podmínky-užití,
1268,,,,,,podmínky-užití,
1389,,,,,,podmínky-užití,
2477,,,,,,podmínky-užití,
2355,,,,,,podmínky-užití,
1144,,,,,,podmínky-užití,
2595,,,,,,podmínky-užití,
1262,,,,,,podmínky-užití,
2472,,,,,,podmínky-užití,
1382,,,,,,podmínky-užití,
2350,,,,,,podmínky-užití,
2470,,,,,,podmínky-užití,
1814,,,,,,podmínky-užití,
1933,,,,,,podmínky-užití,
1138,,,,,,podmínky-užití,
2589,,,,,,podmínky-užití,
1135,,,,,,podmínky-užití,
1256,,,,,,podmínky-užití,
2345,,,,,,podmínky-užití,
1376,,,,,,podmínky-užití,
2465,,,,,,podmínky-užití,
1495,,,,,,podmínky-užití,
2584,,,,,,podmínky-užití,
1450,,,,,,podmínky-užití,
1329,,,,,,podmínky-užití,
2539,,,,,,podmínky-užití,
1568,,,,,,podmínky-užití,
2415,,,,,,podmínky-užití,
2657,,,,,,podmínky-užití,
1204,,,,,,podmínky-užití,
1688,,,,,,podmínky-užití,
2534,,,,,,podmínky-užití,
1202,,,,,,podmínky-užití,
1323,,,,,,podmínky-užití,
1444,,,,,,podmínky-užití,
1685,,,,,,podmínky-užití,
1442,,,,,,podmínky-užití,
2410,,,,,,podmínky-užití,
2652,,,,,,podmínky-užití,
1561,,,,,,podmínky-užití,
1680,,,,,,podmínky-užití,
2529,,,,,,podmínky-užití,
1316,,,,,,podmínky-užití,
2405,,,,,,podmínky-užití,
2524,,,,,,podmínky-užití,
2645,,,,,,podmínky-užití,
1434,,,,,,podmínky-užití,
1555,,,,,,podmínky-užití,
2522,,,,,,podmínky-užití,
1674,,,,,,podmínky-užití,
1795,,,,,,podmínky-užití,
2400,,,,,,podmínky-užití,
1310,,,,,,podmínky-užití,
2520,,,,,,podmínky-užití,
1906,,,,,,podmínky-užití,
1229,,,,,,podmínky-užití,
1900,,,,,,podmínky-užití,
1349,,,,,,podmínky-užití,
2438,,,,,,podmínky-užití,
1469,,,,,,podmínky-užití,
2679,,,,,,podmínky-užití,
1105,,,,,,podmínky-užití,
2557,,,,,,podmínky-užití,
1588,,,,,,podmínky-užití,
2677,,,,,,podmínky-užití,
1222,,,,,,podmínky-užití,
1343,,,,,,podmínky-užití,
2432,,,,,,podmínky-užití,
1463,,,,,,podmínky-užití,
2552,,,,,,podmínky-užití,
2672,,,,,,podmínky-užití,
1340,,,,,,podmínky-užití,
1582,,,,,,podmínky-užití,
2427,,,,,,podmínky-užití,
1216,,,,,,podmínky-užití,
2667,,,,,,podmínky-užití,
1335,,,,,,podmínky-užití,
1456,,,,,,podmínky-užití,
2545,,,,,,podmínky-užití,
1576,,,,,,podmínky-užití,
2422,,,,,,podmínky-užití,
1210,,,,,,podmínky-užití,
1694,,,,,,podmínky-užití,
2662,,,,,,podmínky-užití,
1409,,,,,,podmínky-užití,
1529,,,,,,podmínky-užití,
2739,,,,,,podmínky-užití,
1407,,,,,,podmínky-užití,
2617,,,,,,podmínky-užití,
1648,,,,,,podmínky-užití,
1768,,,,,,podmínky-užití,
2734,,,,,,podmínky-užití,
1886,,,,,,podmínky-užití,
2612,,,,,,podmínky-užití,
1401,,,,,,podmínky-užití,
1522,,,,,,podmínky-užití,
1762,,,,,,podmínky-užití,
2730,,,,,,podmínky-užití,
1640,,,,,,podmínky-užití,
1880,,,,,,podmínky-užití,
2056,,,,,,podmínky-užití,
2607,,,,,,podmínky-užití,
2727,,,,,,podmínky-užití,
1516,,,,,,podmínky-užití,
1756,,,,,,podmínky-užití,
2602,,,,,,podmínky-užití,
1633,,,,,,podmínky-užití,
1754,,,,,,podmínky-užití,
2722,,,,,,podmínky-užití,
1874,,,,,,podmínky-užití,
1510,,,,,,podmínky-užití,
2639,,,,,,podmínky-užití,
1428,,,,,,podmínky-užití,
1549,,,,,,podmínky-užití,
1668,,,,,,podmínky-užití,
1789,,,,,,podmínky-užití,
2515,,,,,,podmínky-užití,
1546,,,,,,podmínky-užití,
1303,,,,,,podmínky-užití,
2634,,,,,,podmínky-užití,
1421,,,,,,podmínky-užití,
2510,,,,,,podmínky-užití,
1541,,,,,,podmínky-užití,
1661,,,,,,podmínky-užití,
2079,,,,,,podmínky-užití,
1781,,,,,,podmínky-užití,
2629,,,,,,podmínky-užití,
2749,,,,,,podmínky-užití,
2627,,,,,,podmínky-užití,
2505,,,,,,podmínky-užití,
1415,,,,,,podmínky-užití,
1535,,,,,,podmínky-užití,
1655,,,,,,podmínky-užití,
2744,,,,,,podmínky-užití,
2622,,,,,,podmínky-užití,
1774,,,,,,podmínky-užití,
2500,,,,,,podmínky-užití,
1894,,,,,,podmínky-užití,
1891,,,,,,podmínky-užití,
