{
  "@context" : "http://www.w3.org/ns/csvw",
  "@type" : "TableGroup",
  "tables" : [ {
    "@type" : "Table",
    "url" : "events_Brno0.csv",
    "tableSchema" : {
      "@type" : "Schema",
      "columns" : [ {
        "@type" : "Column",
        "titles" : "Subject",
        "name" : "Event",
        "valueUrl" : "{+Event}",
        "suppressOutput" : true
      }, {
        "@type" : "Column",
        "titles" : "openingHoursSpecification",
        "name" : "openingHoursSpecification",
        "propertyUrl" : "http://schema.org/openingHoursSpecification",
        "valueUrl" : "https://blank_Nodes_IRI.org/{+openingHoursSpecification}",
        "aboutUrl" : "{+Event}"
      }, {
        "@type" : "Column",
        "titles" : "má-kontakt",
        "name" : "mkontakt",
        "propertyUrl" : "https://slovník.gov.cz/datový/události/pojem/má-kontakt",
        "valueUrl" : "https://blank_Nodes_IRI.org/{+mkontakt}",
        "aboutUrl" : "{+Event}"
      }, {
        "@type" : "Column",
        "titles" : "Type",
        "name" : "type",
        "propertyUrl" : "http://purl.org/dc/terms/type",
        "valueUrl" : "https://data.mvcr.gov.cz/zdroj/číselníky/typy-událostí/položky/{+type}",
        "aboutUrl" : "{+Event}",
        "separator" : ","
      }, {
        "@type" : "Column",
        "titles" : "má-vstupné",
        "name" : "mvstupn",
        "propertyUrl" : "https://slovník.gov.cz/datový/události/pojem/má-vstupné",
        "valueUrl" : "https://blank_Nodes_IRI.org/{+mvstupn}",
        "aboutUrl" : "{+Event}"
      }, {
        "@type" : "Column",
        "titles" : "geometry",
        "name" : "geometry",
        "propertyUrl" : "http://www.w3.org/ns/locn#geometry",
        "valueUrl" : "https://blank_Nodes_IRI.org/{+geometry}",
        "aboutUrl" : "{+Event}"
      }, {
        "@type" : "Column",
        "titles" : "Title (cs)",
        "name" : "title_cs",
        "propertyUrl" : "http://purl.org/dc/terms/title",
        "valueUrl" : "{+title_cs}",
        "aboutUrl" : "{+Event}",
        "lang" : "cs"
      }, {
        "@type" : "Column",
        "titles" : "Title (en)",
        "name" : "title_en",
        "propertyUrl" : "http://purl.org/dc/terms/title",
        "valueUrl" : "{+title_en}",
        "aboutUrl" : "{+Event}",
        "lang" : "en"
      }, {
        "@type" : "Column",
        "titles" : "superEvent",
        "name" : "superEvent",
        "propertyUrl" : "http://schema.org/superEvent",
        "valueUrl" : "{+superEvent}",
        "aboutUrl" : "{+Event}"
      }, {
        "@type" : "Column",
        "titles" : "Description (cs)",
        "name" : "description_cs",
        "propertyUrl" : "http://purl.org/dc/terms/description",
        "valueUrl" : "{+description_cs}",
        "aboutUrl" : "{+Event}",
        "lang" : "cs"
      }, {
        "@type" : "Column",
        "titles" : "Description (en)",
        "name" : "description_en",
        "propertyUrl" : "http://purl.org/dc/terms/description",
        "valueUrl" : "{+description_en}",
        "aboutUrl" : "{+Event}",
        "lang" : "en"
      }, {
        "@type" : "Column",
        "titles" : "type",
        "name" : "type_1",
        "propertyUrl" : "http://www.w3.org/1999/02/22-rdf-syntax-ns#type",
        "valueUrl" : "{+type}",
        "aboutUrl" : "{+Event}"
      }, {
        "@type" : "Column",
        "titles" : "má-přílohu",
        "name" : "mplohu",
        "propertyUrl" : "https://slovník.gov.cz/generický/věci/pojem/má-přílohu",
        "valueUrl" : "https://blank_Nodes_IRI.org/{+mplohu}",
        "aboutUrl" : "{+Event}"
      }, {
        "@type" : "Column",
        "propertyUrl" : "rdf:type",
        "valueUrl" : "http://schema.org/Event",
        "aboutUrl" : "{+Event}",
        "virtual" : true
      } ],
      "foreignKeys" : [ {
        "columnReference" : "openingHoursSpecification",
        "reference" : {
          "resource" : "events_Brno10.csv",
          "columnReference" : "Schedule"
        }
      }, {
        "columnReference" : "geometry",
        "reference" : {
          "resource" : "events_Brno11.csv",
          "columnReference" : "Point"
        }
      }, {
        "columnReference" : "má-kontakt",
        "reference" : {
          "resource" : "events_Brno14.csv",
          "columnReference" : "VCard"
        }
      }, {
        "columnReference" : "má-přílohu",
        "reference" : {
          "resource" : "events_Brno15.csv",
          "columnReference" : "CreativeWork"
        }
      }, {
        "columnReference" : "superEvent",
        "reference" : {
          "resource" : "events_Brno9.csv",
          "columnReference" : "Event"
        }
      }, {
        "columnReference" : "openingHoursSpecification",
        "reference" : {
          "resource" : "events_Brno10.csv",
          "columnReference" : "Schedule"
        }
      }, {
        "columnReference" : "geometry",
        "reference" : {
          "resource" : "events_Brno11.csv",
          "columnReference" : "Point"
        }
      }, {
        "columnReference" : "má-kontakt",
        "reference" : {
          "resource" : "events_Brno14.csv",
          "columnReference" : "VCard"
        }
      }, {
        "columnReference" : "má-přílohu",
        "reference" : {
          "resource" : "events_Brno15.csv",
          "columnReference" : "CreativeWork"
        }
      } ],
      "primaryKey" : "Event",
      "rowTitles" : [ "Event", "openingHoursSpecification", "mkontakt", "type", "mvstupn", "geometry", "title_cs", "title_en", "superEvent", "description_cs", "description_en", "type_1", "mplohu" ]
    },
    "transformations" : [ {
      "@type" : "Template",
      "url" : "https://raw.githubusercontent.com/LadyMalande/RDFtoCSVNotes/main/scripts/transformationForBlankNodesStreamed.js",
      "scriptFormat" : "http://www.iana.org/assignments/media-types/application/javascript",
      "targetFormat" : "http://www.iana.org/assignments/media-types/turtle",
      "source" : "rdf",
      "titles" : "RDF format used as the output format in the transformation from CSV to RDF"
    } ]
  }, {
    "@type" : "Table",
    "url" : "events_Brno1.csv",
    "tableSchema" : {
      "@type" : "Schema",
      "columns" : [ {
        "@type" : "Column",
        "titles" : "Subject",
        "name" : "Schedule",
        "valueUrl" : "https://blank_Nodes_IRI.org/{+Schedule}",
        "suppressOutput" : true
      }, {
        "@type" : "Column",
        "titles" : "má-časový-interval",
        "name" : "masovinterval",
        "propertyUrl" : "https://slovník.gov.cz/generický/čas/pojem/má-časový-interval",
        "valueUrl" : "https://blank_Nodes_IRI.org/{+masovinterval}"
      }, {
        "@type" : "Column",
        "titles" : "type",
        "name" : "type",
        "propertyUrl" : "http://www.w3.org/1999/02/22-rdf-syntax-ns#type",
        "valueUrl" : "http://schema.org/{+type}"
      }, {
        "@type" : "Column",
        "propertyUrl" : "rdf:type",
        "valueUrl" : "http://schema.org/Schedule",
        "aboutUrl" : "https://blank_Nodes_IRI.org/{+Schedule}",
        "virtual" : true
      } ],
      "foreignKeys" : [ {
        "columnReference" : "má-časový-interval",
        "reference" : {
          "resource" : "events_Brno12.csv",
          "columnReference" : "ProperInterval"
        }
      }, {
        "columnReference" : "má-časový-interval",
        "reference" : {
          "resource" : "events_Brno12.csv",
          "columnReference" : "ProperInterval"
        }
      } ],
      "primaryKey" : "Schedule",
      "rowTitles" : [ "Schedule", "masovinterval", "type" ]
    },
    "transformations" : [ {
      "@type" : "Template",
      "url" : "https://raw.githubusercontent.com/LadyMalande/RDFtoCSVNotes/main/scripts/transformationForBlankNodesStreamed.js",
      "scriptFormat" : "http://www.iana.org/assignments/media-types/application/javascript",
      "targetFormat" : "http://www.iana.org/assignments/media-types/turtle",
      "source" : "rdf",
      "titles" : "RDF format used as the output format in the transformation from CSV to RDF"
    } ]
  }, {
    "@type" : "Table",
    "url" : "events_Brno2.csv",
    "tableSchema" : {
      "@type" : "Schema",
      "columns" : [ {
        "@type" : "Column",
        "titles" : "Subject",
        "name" : "Point",
        "valueUrl" : "https://blank_Nodes_IRI.org/{+Point}",
        "suppressOutput" : true
      }, {
        "@type" : "Column",
        "titles" : "type",
        "name" : "type",
        "propertyUrl" : "http://www.w3.org/1999/02/22-rdf-syntax-ns#type",
        "valueUrl" : "https://purl.org/geojson/vocab#{+type}"
      }, {
        "@type" : "Column",
        "titles" : "coordinates",
        "name" : "coordinates",
        "propertyUrl" : "https://purl.org/geojson/vocab#coordinates",
        "valueUrl" : "https://blank_Nodes_IRI.org/{+coordinates}"
      }, {
        "@type" : "Column",
        "propertyUrl" : "rdf:type",
        "valueUrl" : "https://purl.org/geojson/vocab#Point",
        "aboutUrl" : "https://blank_Nodes_IRI.org/{+Point}",
        "virtual" : true
      } ],
      "foreignKeys" : [ {
        "columnReference" : "coordinates",
        "reference" : {
          "resource" : "events_Brno19.csv",
          "columnReference" : "rest"
        }
      } ],
      "primaryKey" : "Point",
      "rowTitles" : [ "Point", "type", "coordinates" ]
    },
    "transformations" : [ {
      "@type" : "Template",
      "url" : "https://raw.githubusercontent.com/LadyMalande/RDFtoCSVNotes/main/scripts/transformationForBlankNodesStreamed.js",
      "scriptFormat" : "http://www.iana.org/assignments/media-types/application/javascript",
      "targetFormat" : "http://www.iana.org/assignments/media-types/turtle",
      "source" : "rdf",
      "titles" : "RDF format used as the output format in the transformation from CSV to RDF"
    } ]
  }, {
    "@type" : "Table",
    "url" : "events_Brno3.csv",
    "tableSchema" : {
      "@type" : "Schema",
      "columns" : [ {
        "@type" : "Column",
        "titles" : "Subject",
        "name" : "ProperInterval",
        "valueUrl" : "https://blank_Nodes_IRI.org/{+ProperInterval}",
        "suppressOutput" : true
      }, {
        "@type" : "Column",
        "titles" : "hasEnd",
        "name" : "hasEnd",
        "propertyUrl" : "http://www.w3.org/2006/time#hasEnd",
        "valueUrl" : "https://blank_Nodes_IRI.org/{+hasEnd}"
      }, {
        "@type" : "Column",
        "titles" : "hasBeginning",
        "name" : "hasBeginning",
        "propertyUrl" : "http://www.w3.org/2006/time#hasBeginning",
        "valueUrl" : "https://blank_Nodes_IRI.org/{+hasBeginning}"
      }, {
        "@type" : "Column",
        "titles" : "type",
        "name" : "type",
        "propertyUrl" : "http://www.w3.org/1999/02/22-rdf-syntax-ns#type",
        "valueUrl" : "http://www.w3.org/2006/time#{+type}"
      }, {
        "@type" : "Column",
        "propertyUrl" : "rdf:type",
        "valueUrl" : "http://www.w3.org/2006/time#ProperInterval",
        "aboutUrl" : "https://blank_Nodes_IRI.org/{+ProperInterval}",
        "virtual" : true
      } ],
      "foreignKeys" : [ {
        "columnReference" : "hasBeginning",
        "reference" : {
          "resource" : "events_Brno13.csv",
          "columnReference" : "Instant"
        }
      }, {
        "columnReference" : "hasEnd",
        "reference" : {
          "resource" : "events_Brno13.csv",
          "columnReference" : "Instant"
        }
      } ],
      "primaryKey" : "ProperInterval",
      "rowTitles" : [ "ProperInterval", "hasEnd", "hasBeginning", "type" ]
    },
    "transformations" : [ {
      "@type" : "Template",
      "url" : "https://raw.githubusercontent.com/LadyMalande/RDFtoCSVNotes/main/scripts/transformationForBlankNodesStreamed.js",
      "scriptFormat" : "http://www.iana.org/assignments/media-types/application/javascript",
      "targetFormat" : "http://www.iana.org/assignments/media-types/turtle",
      "source" : "rdf",
      "titles" : "RDF format used as the output format in the transformation from CSV to RDF"
    } ]
  }, {
    "@type" : "Table",
    "url" : "events_Brno4.csv",
    "tableSchema" : {
      "@type" : "Schema",
      "columns" : [ {
        "@type" : "Column",
        "titles" : "Subject",
        "name" : "Instant",
        "valueUrl" : "https://blank_Nodes_IRI.org/{+Instant}",
        "suppressOutput" : true
      }, {
        "@type" : "Column",
        "titles" : "inXSDDateTimeStamp",
        "name" : "inXSDDateTimeStamp",
        "propertyUrl" : "http://www.w3.org/2006/time#inXSDDateTimeStamp",
        "valueUrl" : "{+inXSDDateTimeStamp}",
        "datatype" : "dateTimeStamp"
      }, {
        "@type" : "Column",
        "titles" : "type",
        "name" : "type",
        "propertyUrl" : "http://www.w3.org/1999/02/22-rdf-syntax-ns#type",
        "valueUrl" : "http://www.w3.org/2006/time#{+type}"
      }, {
        "@type" : "Column",
        "propertyUrl" : "rdf:type",
        "valueUrl" : "http://www.w3.org/2006/time#Instant",
        "aboutUrl" : "https://blank_Nodes_IRI.org/{+Instant}",
        "virtual" : true
      } ],
      "primaryKey" : "Instant",
      "rowTitles" : [ "Instant", "inXSDDateTimeStamp", "type" ]
    },
    "transformations" : [ {
      "@type" : "Template",
      "url" : "https://raw.githubusercontent.com/LadyMalande/RDFtoCSVNotes/main/scripts/transformationForBlankNodesStreamed.js",
      "scriptFormat" : "http://www.iana.org/assignments/media-types/application/javascript",
      "targetFormat" : "http://www.iana.org/assignments/media-types/turtle",
      "source" : "rdf",
      "titles" : "RDF format used as the output format in the transformation from CSV to RDF"
    } ]
  }, {
    "@type" : "Table",
    "url" : "events_Brno5.csv",
    "tableSchema" : {
      "@type" : "Schema",
      "columns" : [ {
        "@type" : "Column",
        "titles" : "Subject",
        "name" : "VCard",
        "valueUrl" : "https://blank_Nodes_IRI.org/{+VCard}",
        "suppressOutput" : true
      }, {
        "@type" : "Column",
        "titles" : "hasEmail",
        "name" : "hasEmail",
        "propertyUrl" : "http://www.w3.org/2006/vcard/ns#hasEmail",
        "valueUrl" : "mailto:{+hasEmail}"
      }, {
        "@type" : "Column",
        "titles" : "hasURL",
        "name" : "hasURL",
        "propertyUrl" : "http://www.w3.org/2006/vcard/ns#hasURL",
        "valueUrl" : "{+hasURL}",
        "datatype" : "anyURI"
      }, {
        "@type" : "Column",
        "titles" : "druh (cs)",
        "name" : "druh_cs",
        "propertyUrl" : "https://slovník.gov.cz/generický/kontakty/pojem/druh",
        "valueUrl" : "{+druh_cs}",
        "lang" : "cs"
      }, {
        "@type" : "Column",
        "titles" : "druh (en)",
        "name" : "druh_en",
        "propertyUrl" : "https://slovník.gov.cz/generický/kontakty/pojem/druh",
        "valueUrl" : "{+druh_en}",
        "lang" : "en"
      }, {
        "@type" : "Column",
        "titles" : "type",
        "name" : "type",
        "propertyUrl" : "http://www.w3.org/1999/02/22-rdf-syntax-ns#type",
        "valueUrl" : "http://www.w3.org/2006/vcard/ns#{+type}"
      }, {
        "@type" : "Column",
        "propertyUrl" : "rdf:type",
        "valueUrl" : "http://www.w3.org/2006/vcard/ns#VCard",
        "aboutUrl" : "https://blank_Nodes_IRI.org/{+VCard}",
        "virtual" : true
      } ],
      "primaryKey" : "VCard",
      "rowTitles" : [ "VCard", "hasEmail", "hasURL", "druh_cs", "druh_en", "type" ]
    },
    "transformations" : [ {
      "@type" : "Template",
      "url" : "https://raw.githubusercontent.com/LadyMalande/RDFtoCSVNotes/main/scripts/transformationForBlankNodesStreamed.js",
      "scriptFormat" : "http://www.iana.org/assignments/media-types/application/javascript",
      "targetFormat" : "http://www.iana.org/assignments/media-types/turtle",
      "source" : "rdf",
      "titles" : "RDF format used as the output format in the transformation from CSV to RDF"
    } ]
  }, {
    "@type" : "Table",
    "url" : "events_Brno6.csv",
    "tableSchema" : {
      "@type" : "Schema",
      "columns" : [ {
        "@type" : "Column",
        "titles" : "Subject",
        "name" : "CreativeWork",
        "valueUrl" : "https://blank_Nodes_IRI.org/{+CreativeWork}",
        "suppressOutput" : true
      }, {
        "@type" : "Column",
        "titles" : "encodingFormat",
        "name" : "encodingFormat",
        "propertyUrl" : "http://schema.org/encodingFormat",
        "valueUrl" : "http://www.iana.org/assignments/media-types/image/{+encodingFormat}"
      }, {
        "@type" : "Column",
        "titles" : "má-podmínky-užití",
        "name" : "mpodmnkyuit",
        "propertyUrl" : "https://slovník.gov.cz/generický/digitální-objekty/pojem/má-podmínky-užití",
        "valueUrl" : "https://blank_Nodes_IRI.org/{+mpodmnkyuit}"
      }, {
        "@type" : "Column",
        "titles" : "má-vykonavatele-majetkových-práv-autorských-u-autorského-díla",
        "name" : "mvykonavatelemajetkovchprvautorskchuautorskhodla",
        "propertyUrl" : "https://slovník.gov.cz/generický/digitální-objekty/pojem/má-vykonavatele-majetkových-práv-autorských-u-autorského-díla",
        "valueUrl" : "https://blank_Nodes_IRI.org/{+mvykonavatelemajetkovchprvautorskchuautorskhodla}"
      }, {
        "@type" : "Column",
        "titles" : "downloadUrl",
        "name" : "downloadUrl",
        "propertyUrl" : "http://schema.org/downloadUrl",
        "valueUrl" : "{+downloadUrl}",
        "datatype" : "anyURI"
      }, {
        "@type" : "Column",
        "titles" : "type",
        "name" : "type",
        "propertyUrl" : "http://www.w3.org/1999/02/22-rdf-syntax-ns#type",
        "valueUrl" : "http://schema.org/{+type}"
      }, {
        "@type" : "Column",
        "propertyUrl" : "rdf:type",
        "valueUrl" : "http://schema.org/CreativeWork",
        "aboutUrl" : "https://blank_Nodes_IRI.org/{+CreativeWork}",
        "virtual" : true
      } ],
      "foreignKeys" : [ {
        "columnReference" : "má-vykonavatele-majetkových-práv-autorských-u-autorského-díla",
        "reference" : {
          "resource" : "events_Brno16.csv",
          "columnReference" : "RegisteredOrganization"
        }
      }, {
        "columnReference" : "má-podmínky-užití",
        "reference" : {
          "resource" : "events_Brno17.csv",
          "columnReference" : "podmínky-užití"
        }
      }, {
        "columnReference" : "má-vykonavatele-majetkových-práv-autorských-u-autorského-díla",
        "reference" : {
          "resource" : "events_Brno16.csv",
          "columnReference" : "RegisteredOrganization"
        }
      }, {
        "columnReference" : "má-podmínky-užití",
        "reference" : {
          "resource" : "events_Brno17.csv",
          "columnReference" : "podmínky-užití"
        }
      } ],
      "primaryKey" : "CreativeWork",
      "rowTitles" : [ "CreativeWork", "encodingFormat", "mpodmnkyuit", "mvykonavatelemajetkovchprvautorskchuautorskhodla", "downloadUrl", "type" ]
    },
    "transformations" : [ {
      "@type" : "Template",
      "url" : "https://raw.githubusercontent.com/LadyMalande/RDFtoCSVNotes/main/scripts/transformationForBlankNodesStreamed.js",
      "scriptFormat" : "http://www.iana.org/assignments/media-types/application/javascript",
      "targetFormat" : "http://www.iana.org/assignments/media-types/turtle",
      "source" : "rdf",
      "titles" : "RDF format used as the output format in the transformation from CSV to RDF"
    } ]
  }, {
    "@type" : "Table",
    "url" : "events_Brno7.csv",
    "tableSchema" : {
      "@type" : "Schema",
      "columns" : [ {
        "@type" : "Column",
        "titles" : "Subject",
        "name" : "RegisteredOrganization",
        "valueUrl" : "https://blank_Nodes_IRI.org/{+RegisteredOrganization}",
        "suppressOutput" : true
      }, {
        "@type" : "Column",
        "titles" : "legalName (cs)",
        "name" : "legalName_cs",
        "propertyUrl" : "http://www.w3.org/ns/regorg#legalName",
        "valueUrl" : "{+legalName_cs}",
        "lang" : "cs"
      }, {
        "@type" : "Column",
        "titles" : "notation",
        "name" : "notation",
        "propertyUrl" : "http://www.w3.org/2004/02/skos/core#notation",
        "valueUrl" : "{+notation}"
      }, {
        "@type" : "Column",
        "titles" : "type",
        "name" : "type",
        "propertyUrl" : "http://www.w3.org/1999/02/22-rdf-syntax-ns#type",
        "valueUrl" : "http://www.w3.org/ns/regorg#{+type}"
      }, {
        "@type" : "Column",
        "propertyUrl" : "rdf:type",
        "valueUrl" : "http://www.w3.org/ns/regorg#RegisteredOrganization",
        "aboutUrl" : "https://blank_Nodes_IRI.org/{+RegisteredOrganization}",
        "virtual" : true
      } ],
      "primaryKey" : "RegisteredOrganization",
      "rowTitles" : [ "RegisteredOrganization", "legalName_cs", "notation", "type" ]
    },
    "transformations" : [ {
      "@type" : "Template",
      "url" : "https://raw.githubusercontent.com/LadyMalande/RDFtoCSVNotes/main/scripts/transformationForBlankNodesStreamed.js",
      "scriptFormat" : "http://www.iana.org/assignments/media-types/application/javascript",
      "targetFormat" : "http://www.iana.org/assignments/media-types/turtle",
      "source" : "rdf",
      "titles" : "RDF format used as the output format in the transformation from CSV to RDF"
    } ]
  }, {
    "@type" : "Table",
    "url" : "events_Brno8.csv",
    "tableSchema" : {
      "@type" : "Schema",
      "columns" : [ {
        "@type" : "Column",
        "titles" : "Subject",
        "name" : "podmínky-užití",
        "valueUrl" : "https://blank_Nodes_IRI.org/{+podmínky-užití}",
        "suppressOutput" : true
      }, {
        "@type" : "Column",
        "titles" : "databáze-chráněná-zvláštními-právy-pořizovatele-databáze",
        "name" : "databzechrnnzvltnmiprvypoizovateledatabze",
        "propertyUrl" : "https://slovník.gov.cz/generický/podmínky-užití/pojem/databáze-chráněná-zvláštními-právy-pořizovatele-databáze",
        "valueUrl" : "{+databzechrnnzvltnmiprvypoizovateledatabze}",
        "datatype" : "boolean"
      }, {
        "@type" : "Column",
        "titles" : "obsahuje-více-autorských-děl",
        "name" : "obsahujevceautorskchdl",
        "propertyUrl" : "https://slovník.gov.cz/generický/podmínky-užití/pojem/obsahuje-více-autorských-děl",
        "valueUrl" : "{+obsahujevceautorskchdl}",
        "datatype" : "boolean"
      }, {
        "@type" : "Column",
        "titles" : "originální-databáze",
        "name" : "originlndatabze",
        "propertyUrl" : "https://slovník.gov.cz/generický/podmínky-užití/pojem/originální-databáze",
        "valueUrl" : "{+originlndatabze}",
        "datatype" : "boolean"
      }, {
        "@type" : "Column",
        "titles" : "obsahuje-osobní-údaje",
        "name" : "obsahujeosobndaje",
        "propertyUrl" : "https://slovník.gov.cz/generický/podmínky-užití/pojem/obsahuje-osobní-údaje",
        "valueUrl" : "{+obsahujeosobndaje}",
        "datatype" : "boolean"
      }, {
        "@type" : "Column",
        "titles" : "licence-autorského-díla",
        "name" : "licenceautorskhodla",
        "propertyUrl" : "https://slovník.gov.cz/generický/podmínky-užití/pojem/licence-autorského-díla",
        "valueUrl" : "{+licenceautorskhodla}"
      }, {
        "@type" : "Column",
        "titles" : "type",
        "name" : "type",
        "propertyUrl" : "http://www.w3.org/1999/02/22-rdf-syntax-ns#type",
        "valueUrl" : "https://slovník.gov.cz/generický/podmínky-užití/pojem/{+type}"
      }, {
        "@type" : "Column",
        "titles" : "obsahuje-autorské-dílo",
        "name" : "obsahujeautorskdlo",
        "propertyUrl" : "https://slovník.gov.cz/generický/podmínky-užití/pojem/obsahuje-autorské-dílo",
        "valueUrl" : "{+obsahujeautorskdlo}",
        "datatype" : "boolean"
      }, {
        "@type" : "Column",
        "propertyUrl" : "rdf:type",
        "valueUrl" : "https://slovník.gov.cz/generický/podmínky-užití/pojem/podmínky-užití",
        "aboutUrl" : "https://blank_Nodes_IRI.org/{+podmínky-užití}",
        "virtual" : true
      } ],
      "primaryKey" : "podmínky-užití",
      "rowTitles" : [ "podmínky-užití", "databzechrnnzvltnmiprvypoizovateledatabze", "obsahujevceautorskchdl", "originlndatabze", "obsahujeosobndaje", "licenceautorskhodla", "type", "obsahujeautorskdlo" ]
    },
    "transformations" : [ {
      "@type" : "Template",
      "url" : "https://raw.githubusercontent.com/LadyMalande/RDFtoCSVNotes/main/scripts/transformationForBlankNodesStreamed.js",
      "scriptFormat" : "http://www.iana.org/assignments/media-types/application/javascript",
      "targetFormat" : "http://www.iana.org/assignments/media-types/turtle",
      "source" : "rdf",
      "titles" : "RDF format used as the output format in the transformation from CSV to RDF"
    } ]
  }, {
    "@type" : "Table",
    "url" : "events_Brno9.csv",
    "tableSchema" : {
      "@type" : "Schema",
      "columns" : [ {
        "@type" : "Column",
        "titles" : "Subject",
        "name" : "Event",
        "valueUrl" : "{+Event}",
        "suppressOutput" : true
      }, {
        "@type" : "Column",
        "titles" : "openingHoursSpecification",
        "name" : "openingHoursSpecification",
        "propertyUrl" : "http://schema.org/openingHoursSpecification",
        "valueUrl" : "https://blank_Nodes_IRI.org/{+openingHoursSpecification}",
        "aboutUrl" : "https://www.gotobrno.cz/akce/pruvodcovske-sluzby-prohlidky-brna-pro-skoly/{+Event}"
      }, {
        "@type" : "Column",
        "titles" : "má-kontakt",
        "name" : "mkontakt",
        "propertyUrl" : "https://slovník.gov.cz/datový/události/pojem/má-kontakt",
        "valueUrl" : "https://blank_Nodes_IRI.org/{+mkontakt}",
        "aboutUrl" : "https://www.gotobrno.cz/akce/pruvodcovske-sluzby-prohlidky-brna-pro-skoly/{+Event}"
      }, {
        "@type" : "Column",
        "titles" : "geometry",
        "name" : "geometry",
        "propertyUrl" : "http://www.w3.org/ns/locn#geometry",
        "valueUrl" : "https://blank_Nodes_IRI.org/{+geometry}",
        "aboutUrl" : "https://www.gotobrno.cz/akce/pruvodcovske-sluzby-prohlidky-brna-pro-skoly/{+Event}"
      }, {
        "@type" : "Column",
        "titles" : "Title (cs)",
        "name" : "title_cs",
        "propertyUrl" : "http://purl.org/dc/terms/title",
        "valueUrl" : "{+title_cs}",
        "aboutUrl" : "https://www.gotobrno.cz/akce/pruvodcovske-sluzby-prohlidky-brna-pro-skoly/{+Event}",
        "lang" : "cs"
      }, {
        "@type" : "Column",
        "titles" : "Title (en)",
        "name" : "title_en",
        "propertyUrl" : "http://purl.org/dc/terms/title",
        "valueUrl" : "{+title_en}",
        "aboutUrl" : "https://www.gotobrno.cz/akce/pruvodcovske-sluzby-prohlidky-brna-pro-skoly/{+Event}",
        "lang" : "en"
      }, {
        "@type" : "Column",
        "titles" : "type",
        "name" : "type",
        "propertyUrl" : "http://www.w3.org/1999/02/22-rdf-syntax-ns#type",
        "valueUrl" : "{+type}",
        "aboutUrl" : "{+Event}",
        "separator" : ","
      }, {
        "@type" : "Column",
        "titles" : "má-přílohu",
        "name" : "mplohu",
        "propertyUrl" : "https://slovník.gov.cz/generický/věci/pojem/má-přílohu",
        "valueUrl" : "https://blank_Nodes_IRI.org/{+mplohu}",
        "aboutUrl" : "https://www.gotobrno.cz/akce/pruvodcovske-sluzby-prohlidky-brna-pro-skoly/{+Event}"
      }, {
        "@type" : "Column",
        "propertyUrl" : "rdf:type",
        "valueUrl" : "http://schema.org/Event",
        "aboutUrl" : "{+Event}",
        "virtual" : true
      } ],
      "foreignKeys" : [ {
        "columnReference" : "openingHoursSpecification",
        "reference" : {
          "resource" : "events_Brno10.csv",
          "columnReference" : "Schedule"
        }
      }, {
        "columnReference" : "geometry",
        "reference" : {
          "resource" : "events_Brno11.csv",
          "columnReference" : "Point"
        }
      }, {
        "columnReference" : "má-kontakt",
        "reference" : {
          "resource" : "events_Brno14.csv",
          "columnReference" : "VCard"
        }
      }, {
        "columnReference" : "má-přílohu",
        "reference" : {
          "resource" : "events_Brno15.csv",
          "columnReference" : "CreativeWork"
        }
      }, {
        "columnReference" : "openingHoursSpecification",
        "reference" : {
          "resource" : "events_Brno10.csv",
          "columnReference" : "Schedule"
        }
      }, {
        "columnReference" : "geometry",
        "reference" : {
          "resource" : "events_Brno11.csv",
          "columnReference" : "Point"
        }
      }, {
        "columnReference" : "má-kontakt",
        "reference" : {
          "resource" : "events_Brno14.csv",
          "columnReference" : "VCard"
        }
      }, {
        "columnReference" : "má-přílohu",
        "reference" : {
          "resource" : "events_Brno15.csv",
          "columnReference" : "CreativeWork"
        }
      } ],
      "primaryKey" : "Event",
      "rowTitles" : [ "Event", "openingHoursSpecification", "mkontakt", "geometry", "title_cs", "title_en", "type", "mplohu" ]
    },
    "transformations" : [ {
      "@type" : "Template",
      "url" : "https://raw.githubusercontent.com/LadyMalande/RDFtoCSVNotes/main/scripts/transformationForBlankNodesStreamed.js",
      "scriptFormat" : "http://www.iana.org/assignments/media-types/application/javascript",
      "targetFormat" : "http://www.iana.org/assignments/media-types/turtle",
      "source" : "rdf",
      "titles" : "RDF format used as the output format in the transformation from CSV to RDF"
    } ]
  }, {
    "@type" : "Table",
    "url" : "events_Brno10.csv",
    "tableSchema" : {
      "@type" : "Schema",
      "columns" : [ {
        "@type" : "Column",
        "titles" : "Subject",
        "name" : "Schedule",
        "valueUrl" : "https://blank_Nodes_IRI.org/{+Schedule}",
        "suppressOutput" : true
      }, {
        "@type" : "Column",
        "titles" : "má-časový-interval",
        "name" : "masovinterval",
        "propertyUrl" : "https://slovník.gov.cz/generický/čas/pojem/má-časový-interval",
        "valueUrl" : "https://blank_Nodes_IRI.org/{+masovinterval}"
      }, {
        "@type" : "Column",
        "titles" : "type",
        "name" : "type",
        "propertyUrl" : "http://www.w3.org/1999/02/22-rdf-syntax-ns#type",
        "valueUrl" : "http://schema.org/{+type}"
      }, {
        "@type" : "Column",
        "propertyUrl" : "rdf:type",
        "valueUrl" : "http://schema.org/Schedule",
        "aboutUrl" : "https://blank_Nodes_IRI.org/{+Schedule}",
        "virtual" : true
      } ],
      "foreignKeys" : [ {
        "columnReference" : "má-časový-interval",
        "reference" : {
          "resource" : "events_Brno12.csv",
          "columnReference" : "ProperInterval"
        }
      }, {
        "columnReference" : "má-časový-interval",
        "reference" : {
          "resource" : "events_Brno12.csv",
          "columnReference" : "ProperInterval"
        }
      } ],
      "primaryKey" : "Schedule",
      "rowTitles" : [ "Schedule", "masovinterval", "type" ]
    },
    "transformations" : [ {
      "@type" : "Template",
      "url" : "https://raw.githubusercontent.com/LadyMalande/RDFtoCSVNotes/main/scripts/transformationForBlankNodesStreamed.js",
      "scriptFormat" : "http://www.iana.org/assignments/media-types/application/javascript",
      "targetFormat" : "http://www.iana.org/assignments/media-types/turtle",
      "source" : "rdf",
      "titles" : "RDF format used as the output format in the transformation from CSV to RDF"
    } ]
  }, {
    "@type" : "Table",
    "url" : "events_Brno11.csv",
    "tableSchema" : {
      "@type" : "Schema",
      "columns" : [ {
        "@type" : "Column",
        "titles" : "Subject",
        "name" : "Point",
        "valueUrl" : "https://blank_Nodes_IRI.org/{+Point}",
        "suppressOutput" : true
      }, {
        "@type" : "Column",
        "titles" : "type",
        "name" : "type",
        "propertyUrl" : "http://www.w3.org/1999/02/22-rdf-syntax-ns#type",
        "valueUrl" : "https://purl.org/geojson/vocab#{+type}"
      }, {
        "@type" : "Column",
        "titles" : "coordinates",
        "name" : "coordinates",
        "propertyUrl" : "https://purl.org/geojson/vocab#coordinates",
        "valueUrl" : "https://blank_Nodes_IRI.org/{+coordinates}"
      }, {
        "@type" : "Column",
        "propertyUrl" : "rdf:type",
        "valueUrl" : "https://purl.org/geojson/vocab#Point",
        "aboutUrl" : "https://blank_Nodes_IRI.org/{+Point}",
        "virtual" : true
      } ],
      "foreignKeys" : [ {
        "columnReference" : "coordinates",
        "reference" : {
          "resource" : "events_Brno19.csv",
          "columnReference" : "rest"
        }
      } ],
      "primaryKey" : "Point",
      "rowTitles" : [ "Point", "type", "coordinates" ]
    },
    "transformations" : [ {
      "@type" : "Template",
      "url" : "https://raw.githubusercontent.com/LadyMalande/RDFtoCSVNotes/main/scripts/transformationForBlankNodesStreamed.js",
      "scriptFormat" : "http://www.iana.org/assignments/media-types/application/javascript",
      "targetFormat" : "http://www.iana.org/assignments/media-types/turtle",
      "source" : "rdf",
      "titles" : "RDF format used as the output format in the transformation from CSV to RDF"
    } ]
  }, {
    "@type" : "Table",
    "url" : "events_Brno12.csv",
    "tableSchema" : {
      "@type" : "Schema",
      "columns" : [ {
        "@type" : "Column",
        "titles" : "Subject",
        "name" : "ProperInterval",
        "valueUrl" : "https://blank_Nodes_IRI.org/{+ProperInterval}",
        "suppressOutput" : true
      }, {
        "@type" : "Column",
        "titles" : "hasEnd",
        "name" : "hasEnd",
        "propertyUrl" : "http://www.w3.org/2006/time#hasEnd",
        "valueUrl" : "https://blank_Nodes_IRI.org/{+hasEnd}"
      }, {
        "@type" : "Column",
        "titles" : "hasBeginning",
        "name" : "hasBeginning",
        "propertyUrl" : "http://www.w3.org/2006/time#hasBeginning",
        "valueUrl" : "https://blank_Nodes_IRI.org/{+hasBeginning}"
      }, {
        "@type" : "Column",
        "titles" : "type",
        "name" : "type",
        "propertyUrl" : "http://www.w3.org/1999/02/22-rdf-syntax-ns#type",
        "valueUrl" : "http://www.w3.org/2006/time#{+type}"
      }, {
        "@type" : "Column",
        "propertyUrl" : "rdf:type",
        "valueUrl" : "http://www.w3.org/2006/time#ProperInterval",
        "aboutUrl" : "https://blank_Nodes_IRI.org/{+ProperInterval}",
        "virtual" : true
      } ],
      "foreignKeys" : [ {
        "columnReference" : "hasBeginning",
        "reference" : {
          "resource" : "events_Brno13.csv",
          "columnReference" : "Instant"
        }
      }, {
        "columnReference" : "hasEnd",
        "reference" : {
          "resource" : "events_Brno13.csv",
          "columnReference" : "Instant"
        }
      } ],
      "primaryKey" : "ProperInterval",
      "rowTitles" : [ "ProperInterval", "hasEnd", "hasBeginning", "type" ]
    },
    "transformations" : [ {
      "@type" : "Template",
      "url" : "https://raw.githubusercontent.com/LadyMalande/RDFtoCSVNotes/main/scripts/transformationForBlankNodesStreamed.js",
      "scriptFormat" : "http://www.iana.org/assignments/media-types/application/javascript",
      "targetFormat" : "http://www.iana.org/assignments/media-types/turtle",
      "source" : "rdf",
      "titles" : "RDF format used as the output format in the transformation from CSV to RDF"
    } ]
  }, {
    "@type" : "Table",
    "url" : "events_Brno13.csv",
    "tableSchema" : {
      "@type" : "Schema",
      "columns" : [ {
        "@type" : "Column",
        "titles" : "Subject",
        "name" : "Instant",
        "valueUrl" : "https://blank_Nodes_IRI.org/{+Instant}",
        "suppressOutput" : true
      }, {
        "@type" : "Column",
        "titles" : "inXSDDateTimeStamp",
        "name" : "inXSDDateTimeStamp",
        "propertyUrl" : "http://www.w3.org/2006/time#inXSDDateTimeStamp",
        "valueUrl" : "{+inXSDDateTimeStamp}",
        "datatype" : "dateTimeStamp"
      }, {
        "@type" : "Column",
        "titles" : "type",
        "name" : "type",
        "propertyUrl" : "http://www.w3.org/1999/02/22-rdf-syntax-ns#type",
        "valueUrl" : "http://www.w3.org/2006/time#{+type}"
      }, {
        "@type" : "Column",
        "propertyUrl" : "rdf:type",
        "valueUrl" : "http://www.w3.org/2006/time#Instant",
        "aboutUrl" : "https://blank_Nodes_IRI.org/{+Instant}",
        "virtual" : true
      } ],
      "primaryKey" : "Instant",
      "rowTitles" : [ "Instant", "inXSDDateTimeStamp", "type" ]
    },
    "transformations" : [ {
      "@type" : "Template",
      "url" : "https://raw.githubusercontent.com/LadyMalande/RDFtoCSVNotes/main/scripts/transformationForBlankNodesStreamed.js",
      "scriptFormat" : "http://www.iana.org/assignments/media-types/application/javascript",
      "targetFormat" : "http://www.iana.org/assignments/media-types/turtle",
      "source" : "rdf",
      "titles" : "RDF format used as the output format in the transformation from CSV to RDF"
    } ]
  }, {
    "@type" : "Table",
    "url" : "events_Brno14.csv",
    "tableSchema" : {
      "@type" : "Schema",
      "columns" : [ {
        "@type" : "Column",
        "titles" : "Subject",
        "name" : "VCard",
        "valueUrl" : "https://blank_Nodes_IRI.org/{+VCard}",
        "suppressOutput" : true
      }, {
        "@type" : "Column",
        "titles" : "hasEmail",
        "name" : "hasEmail",
        "propertyUrl" : "http://www.w3.org/2006/vcard/ns#hasEmail",
        "valueUrl" : "mailto:{+hasEmail}"
      }, {
        "@type" : "Column",
        "titles" : "hasURL",
        "name" : "hasURL",
        "propertyUrl" : "http://www.w3.org/2006/vcard/ns#hasURL",
        "valueUrl" : "{+hasURL}",
        "datatype" : "anyURI"
      }, {
        "@type" : "Column",
        "titles" : "druh (cs)",
        "name" : "druh_cs",
        "propertyUrl" : "https://slovník.gov.cz/generický/kontakty/pojem/druh",
        "valueUrl" : "{+druh_cs}",
        "lang" : "cs"
      }, {
        "@type" : "Column",
        "titles" : "druh (en)",
        "name" : "druh_en",
        "propertyUrl" : "https://slovník.gov.cz/generický/kontakty/pojem/druh",
        "valueUrl" : "{+druh_en}",
        "lang" : "en"
      }, {
        "@type" : "Column",
        "titles" : "type",
        "name" : "type",
        "propertyUrl" : "http://www.w3.org/1999/02/22-rdf-syntax-ns#type",
        "valueUrl" : "http://www.w3.org/2006/vcard/ns#{+type}"
      }, {
        "@type" : "Column",
        "propertyUrl" : "rdf:type",
        "valueUrl" : "http://www.w3.org/2006/vcard/ns#VCard",
        "aboutUrl" : "https://blank_Nodes_IRI.org/{+VCard}",
        "virtual" : true
      } ],
      "primaryKey" : "VCard",
      "rowTitles" : [ "VCard", "hasEmail", "hasURL", "druh_cs", "druh_en", "type" ]
    },
    "transformations" : [ {
      "@type" : "Template",
      "url" : "https://raw.githubusercontent.com/LadyMalande/RDFtoCSVNotes/main/scripts/transformationForBlankNodesStreamed.js",
      "scriptFormat" : "http://www.iana.org/assignments/media-types/application/javascript",
      "targetFormat" : "http://www.iana.org/assignments/media-types/turtle",
      "source" : "rdf",
      "titles" : "RDF format used as the output format in the transformation from CSV to RDF"
    } ]
  }, {
    "@type" : "Table",
    "url" : "events_Brno15.csv",
    "tableSchema" : {
      "@type" : "Schema",
      "columns" : [ {
        "@type" : "Column",
        "titles" : "Subject",
        "name" : "CreativeWork",
        "valueUrl" : "https://blank_Nodes_IRI.org/{+CreativeWork}",
        "suppressOutput" : true
      }, {
        "@type" : "Column",
        "titles" : "encodingFormat",
        "name" : "encodingFormat",
        "propertyUrl" : "http://schema.org/encodingFormat",
        "valueUrl" : "http://www.iana.org/assignments/media-types/image/{+encodingFormat}"
      }, {
        "@type" : "Column",
        "titles" : "má-podmínky-užití",
        "name" : "mpodmnkyuit",
        "propertyUrl" : "https://slovník.gov.cz/generický/digitální-objekty/pojem/má-podmínky-užití",
        "valueUrl" : "https://blank_Nodes_IRI.org/{+mpodmnkyuit}"
      }, {
        "@type" : "Column",
        "titles" : "má-vykonavatele-majetkových-práv-autorských-u-autorského-díla",
        "name" : "mvykonavatelemajetkovchprvautorskchuautorskhodla",
        "propertyUrl" : "https://slovník.gov.cz/generický/digitální-objekty/pojem/má-vykonavatele-majetkových-práv-autorských-u-autorského-díla",
        "valueUrl" : "https://blank_Nodes_IRI.org/{+mvykonavatelemajetkovchprvautorskchuautorskhodla}"
      }, {
        "@type" : "Column",
        "titles" : "downloadUrl",
        "name" : "downloadUrl",
        "propertyUrl" : "http://schema.org/downloadUrl",
        "valueUrl" : "{+downloadUrl}",
        "datatype" : "anyURI"
      }, {
        "@type" : "Column",
        "titles" : "type",
        "name" : "type",
        "propertyUrl" : "http://www.w3.org/1999/02/22-rdf-syntax-ns#type",
        "valueUrl" : "http://schema.org/{+type}"
      }, {
        "@type" : "Column",
        "propertyUrl" : "rdf:type",
        "valueUrl" : "http://schema.org/CreativeWork",
        "aboutUrl" : "https://blank_Nodes_IRI.org/{+CreativeWork}",
        "virtual" : true
      } ],
      "foreignKeys" : [ {
        "columnReference" : "má-vykonavatele-majetkových-práv-autorských-u-autorského-díla",
        "reference" : {
          "resource" : "events_Brno16.csv",
          "columnReference" : "RegisteredOrganization"
        }
      }, {
        "columnReference" : "má-podmínky-užití",
        "reference" : {
          "resource" : "events_Brno17.csv",
          "columnReference" : "podmínky-užití"
        }
      }, {
        "columnReference" : "má-vykonavatele-majetkových-práv-autorských-u-autorského-díla",
        "reference" : {
          "resource" : "events_Brno16.csv",
          "columnReference" : "RegisteredOrganization"
        }
      }, {
        "columnReference" : "má-podmínky-užití",
        "reference" : {
          "resource" : "events_Brno17.csv",
          "columnReference" : "podmínky-užití"
        }
      } ],
      "primaryKey" : "CreativeWork",
      "rowTitles" : [ "CreativeWork", "encodingFormat", "mpodmnkyuit", "mvykonavatelemajetkovchprvautorskchuautorskhodla", "downloadUrl", "type" ]
    },
    "transformations" : [ {
      "@type" : "Template",
      "url" : "https://raw.githubusercontent.com/LadyMalande/RDFtoCSVNotes/main/scripts/transformationForBlankNodesStreamed.js",
      "scriptFormat" : "http://www.iana.org/assignments/media-types/application/javascript",
      "targetFormat" : "http://www.iana.org/assignments/media-types/turtle",
      "source" : "rdf",
      "titles" : "RDF format used as the output format in the transformation from CSV to RDF"
    } ]
  }, {
    "@type" : "Table",
    "url" : "events_Brno16.csv",
    "tableSchema" : {
      "@type" : "Schema",
      "columns" : [ {
        "@type" : "Column",
        "titles" : "Subject",
        "name" : "RegisteredOrganization",
        "valueUrl" : "https://blank_Nodes_IRI.org/{+RegisteredOrganization}",
        "suppressOutput" : true
      }, {
        "@type" : "Column",
        "titles" : "legalName (cs)",
        "name" : "legalName_cs",
        "propertyUrl" : "http://www.w3.org/ns/regorg#legalName",
        "valueUrl" : "{+legalName_cs}",
        "lang" : "cs"
      }, {
        "@type" : "Column",
        "titles" : "notation",
        "name" : "notation",
        "propertyUrl" : "http://www.w3.org/2004/02/skos/core#notation",
        "valueUrl" : "{+notation}"
      }, {
        "@type" : "Column",
        "titles" : "type",
        "name" : "type",
        "propertyUrl" : "http://www.w3.org/1999/02/22-rdf-syntax-ns#type",
        "valueUrl" : "http://www.w3.org/ns/regorg#{+type}"
      }, {
        "@type" : "Column",
        "propertyUrl" : "rdf:type",
        "valueUrl" : "http://www.w3.org/ns/regorg#RegisteredOrganization",
        "aboutUrl" : "https://blank_Nodes_IRI.org/{+RegisteredOrganization}",
        "virtual" : true
      } ],
      "primaryKey" : "RegisteredOrganization",
      "rowTitles" : [ "RegisteredOrganization", "legalName_cs", "notation", "type" ]
    },
    "transformations" : [ {
      "@type" : "Template",
      "url" : "https://raw.githubusercontent.com/LadyMalande/RDFtoCSVNotes/main/scripts/transformationForBlankNodesStreamed.js",
      "scriptFormat" : "http://www.iana.org/assignments/media-types/application/javascript",
      "targetFormat" : "http://www.iana.org/assignments/media-types/turtle",
      "source" : "rdf",
      "titles" : "RDF format used as the output format in the transformation from CSV to RDF"
    } ]
  }, {
    "@type" : "Table",
    "url" : "events_Brno17.csv",
    "tableSchema" : {
      "@type" : "Schema",
      "columns" : [ {
        "@type" : "Column",
        "titles" : "Subject",
        "name" : "podmínky-užití",
        "valueUrl" : "https://blank_Nodes_IRI.org/{+podmínky-užití}",
        "suppressOutput" : true
      }, {
        "@type" : "Column",
        "titles" : "databáze-chráněná-zvláštními-právy-pořizovatele-databáze",
        "name" : "databzechrnnzvltnmiprvypoizovateledatabze",
        "propertyUrl" : "https://slovník.gov.cz/generický/podmínky-užití/pojem/databáze-chráněná-zvláštními-právy-pořizovatele-databáze",
        "valueUrl" : "{+databzechrnnzvltnmiprvypoizovateledatabze}",
        "datatype" : "boolean"
      }, {
        "@type" : "Column",
        "titles" : "obsahuje-více-autorských-děl",
        "name" : "obsahujevceautorskchdl",
        "propertyUrl" : "https://slovník.gov.cz/generický/podmínky-užití/pojem/obsahuje-více-autorských-děl",
        "valueUrl" : "{+obsahujevceautorskchdl}",
        "datatype" : "boolean"
      }, {
        "@type" : "Column",
        "titles" : "originální-databáze",
        "name" : "originlndatabze",
        "propertyUrl" : "https://slovník.gov.cz/generický/podmínky-užití/pojem/originální-databáze",
        "valueUrl" : "{+originlndatabze}",
        "datatype" : "boolean"
      }, {
        "@type" : "Column",
        "titles" : "obsahuje-osobní-údaje",
        "name" : "obsahujeosobndaje",
        "propertyUrl" : "https://slovník.gov.cz/generický/podmínky-užití/pojem/obsahuje-osobní-údaje",
        "valueUrl" : "{+obsahujeosobndaje}",
        "datatype" : "boolean"
      }, {
        "@type" : "Column",
        "titles" : "licence-autorského-díla",
        "name" : "licenceautorskhodla",
        "propertyUrl" : "https://slovník.gov.cz/generický/podmínky-užití/pojem/licence-autorského-díla",
        "valueUrl" : "{+licenceautorskhodla}"
      }, {
        "@type" : "Column",
        "titles" : "type",
        "name" : "type",
        "propertyUrl" : "http://www.w3.org/1999/02/22-rdf-syntax-ns#type",
        "valueUrl" : "https://slovník.gov.cz/generický/podmínky-užití/pojem/{+type}"
      }, {
        "@type" : "Column",
        "titles" : "obsahuje-autorské-dílo",
        "name" : "obsahujeautorskdlo",
        "propertyUrl" : "https://slovník.gov.cz/generický/podmínky-užití/pojem/obsahuje-autorské-dílo",
        "valueUrl" : "{+obsahujeautorskdlo}",
        "datatype" : "boolean"
      }, {
        "@type" : "Column",
        "propertyUrl" : "rdf:type",
        "valueUrl" : "https://slovník.gov.cz/generický/podmínky-užití/pojem/podmínky-užití",
        "aboutUrl" : "https://blank_Nodes_IRI.org/{+podmínky-užití}",
        "virtual" : true
      } ],
      "primaryKey" : "podmínky-užití",
      "rowTitles" : [ "podmínky-užití", "databzechrnnzvltnmiprvypoizovateledatabze", "obsahujevceautorskchdl", "originlndatabze", "obsahujeosobndaje", "licenceautorskhodla", "type", "obsahujeautorskdlo" ]
    },
    "transformations" : [ {
      "@type" : "Template",
      "url" : "https://raw.githubusercontent.com/LadyMalande/RDFtoCSVNotes/main/scripts/transformationForBlankNodesStreamed.js",
      "scriptFormat" : "http://www.iana.org/assignments/media-types/application/javascript",
      "targetFormat" : "http://www.iana.org/assignments/media-types/turtle",
      "source" : "rdf",
      "titles" : "RDF format used as the output format in the transformation from CSV to RDF"
    } ]
  }, {
    "@type" : "Table",
    "url" : "events_Brno18.csv",
    "tableSchema" : {
      "@type" : "Schema",
      "columns" : [ {
        "@type" : "Column",
        "titles" : "Subject",
        "name" : "Subject",
        "valueUrl" : "https://blank_Nodes_IRI.org/{+Subject}",
        "suppressOutput" : true
      }, {
        "@type" : "Column",
        "titles" : "rest",
        "name" : "rest",
        "propertyUrl" : "http://www.w3.org/1999/02/22-rdf-syntax-ns#rest",
        "valueUrl" : "https://blank_Nodes_IRI.org/{+rest}"
      }, {
        "@type" : "Column",
        "titles" : "first",
        "name" : "first",
        "propertyUrl" : "http://www.w3.org/1999/02/22-rdf-syntax-ns#first",
        "valueUrl" : "{+first}",
        "datatype" : "double"
      } ],
      "foreignKeys" : [ {
        "columnReference" : "rest",
        "reference" : {
          "resource" : "events_Brno19.csv",
          "columnReference" : "rest"
        }
      } ],
      "primaryKey" : "Subject",
      "rowTitles" : [ "Subject", "rest", "first" ]
    },
    "transformations" : [ {
      "@type" : "Template",
      "url" : "https://raw.githubusercontent.com/LadyMalande/RDFtoCSVNotes/main/scripts/transformationForBlankNodesStreamed.js",
      "scriptFormat" : "http://www.iana.org/assignments/media-types/application/javascript",
      "targetFormat" : "http://www.iana.org/assignments/media-types/turtle",
      "source" : "rdf",
      "titles" : "RDF format used as the output format in the transformation from CSV to RDF"
    } ]
  }, {
    "@type" : "Table",
    "url" : "events_Brno19.csv",
    "tableSchema" : {
      "@type" : "Schema",
      "columns" : [ {
        "@type" : "Column",
        "titles" : "Subject",
        "name" : "Subject",
        "valueUrl" : "https://blank_Nodes_IRI.org/{+Subject}",
        "suppressOutput" : true
      }, {
        "@type" : "Column",
        "titles" : "rest",
        "name" : "rest",
        "propertyUrl" : "http://www.w3.org/1999/02/22-rdf-syntax-ns#rest",
        "valueUrl" : "http://www.w3.org/1999/02/22-rdf-syntax-ns#{+rest}"
      }, {
        "@type" : "Column",
        "titles" : "first",
        "name" : "first",
        "propertyUrl" : "http://www.w3.org/1999/02/22-rdf-syntax-ns#first",
        "valueUrl" : "{+first}",
        "datatype" : "double"
      } ],
      "foreignKeys" : [ {
        "columnReference" : "rest",
        "reference" : {
          "resource" : "events_Brno19.csv",
          "columnReference" : "rest"
        }
      } ],
      "primaryKey" : "Subject",
      "rowTitles" : [ "Subject", "rest", "first" ]
    },
    "transformations" : [ {
      "@type" : "Template",
      "url" : "https://raw.githubusercontent.com/LadyMalande/RDFtoCSVNotes/main/scripts/transformationForBlankNodesStreamed.js",
      "scriptFormat" : "http://www.iana.org/assignments/media-types/application/javascript",
      "targetFormat" : "http://www.iana.org/assignments/media-types/turtle",
      "source" : "rdf",
      "titles" : "RDF format used as the output format in the transformation from CSV to RDF"
    } ]
  } ]
}