{
  "@context" : "http://www.w3.org/ns/csvw",
  "@type" : "TableGroup",
  "tables" : [ {
    "@type" : "Table",
    "url" : "streamingSample3vrstvy.nt0.csv",
    "tableSchema" : {
      "@type" : "Schema",
      "columns" : [ {
        "@type" : "Column",
        "titles" : "Subject",
        "name" : "Subject",
        "valueUrl" : "{+Subject}",
        "suppressOutput" : true
      }, {
        "@type" : "Column",
        "titles" : "predicate01",
        "name" : "predicate01",
        "propertyUrl" : "http://example.org/predicate01",
        "valueUrl" : "{+predicate01}",
        "aboutUrl" : "{+Subject}",
        "separator" : ","
      }, {
        "@type" : "Column",
        "titles" : "predicate02",
        "name" : "predicate02",
        "propertyUrl" : "http://example.org/predicate02",
        "valueUrl" : "{+predicate02}",
        "aboutUrl" : "{+Subject}",
        "separator" : ","
      }, {
        "@type" : "Column",
        "titles" : "predicate03",
        "name" : "predicate03",
        "propertyUrl" : "http://example.org/predicate03",
        "valueUrl" : "{+predicate03}",
        "aboutUrl" : "{+Subject}"
      } ],
      "primaryKey" : "Subject",
      "rowTitles" : [ "Subject", "predicate01", "predicate02", "predicate03" ]
    }
  } ]
}