Subject,type,preferred label (en),is in scheme,preferred label (cs),notation
https://data.mvcr.gov.cz/zdroj/číselníky/typy-pracovních-vztahů/položky/dpp,"Concept,Concept",Agreement to Complete a Job,https://data.mvcr.gov.cz/zdroj/číselníky/typy-pracovních-vztahů,Dohoda o provedení práce,dpp
https://data.mvcr.gov.cz/zdroj/číselníky/typy-pracovních-vztahů/položky/služební-poměr,"Concept,Concept",Civil service employment,https://data.mvcr.gov.cz/zdroj/číselníky/typy-pracovních-vztahů,Služební poměr,služební-poměr
https://data.mvcr.gov.cz/zdroj/číselníky/typy-pracovních-vztahů,"ConceptScheme,ConceptScheme",Employment relation types,,Typy pracovních vztahů,
https://data.mvcr.gov.cz/zdroj/číselníky/typy-pracovních-vztahů/položky/plný-úvazek,"Concept,Concept",Full time employment,https://data.mvcr.gov.cz/zdroj/číselníky/typy-pracovních-vztahů,Pracovní poměr - plný úvazek,plný-úvazek
https://data.mvcr.gov.cz/zdroj/číselníky/typy-pracovních-vztahů/položky/zkrácený-úvazek,"Concept,Concept",Part time employment,https://data.mvcr.gov.cz/zdroj/číselníky/typy-pracovních-vztahů,Pracovní poměr - zkrácený úvazek,zkrácený-úvazek
https://data.mvcr.gov.cz/zdroj/číselníky/typy-pracovních-vztahů/položky/dpč,"Concept,Concept",Agreement to Perform Work,https://data.mvcr.gov.cz/zdroj/číselníky/typy-pracovních-vztahů,Dohoda o pracovní činnosti,dpč
