{
  "@context" : "http://www.w3.org/ns/csvw",
  "@type" : "TableGroup",
  "tables" : [ {
    "@type" : "Table",
    "url" : "typy-pracovních-vztahů0.csv",
    "tableSchema" : {
      "@type" : "Schema",
      "columns" : [ {
        "@type" : "Column",
        "titles" : "Concept",
        "name" : "Concept",
        "valueUrl" : "https://data.mvcr.gov.cz/zdroj/číselníky/typy-pracovních-vztahů/položky/{+Concept}",
        "suppressOutput" : true
      }, {
        "@type" : "Column",
        "titles" : "notation",
        "name" : "notation",
        "propertyUrl" : "http://www.w3.org/2004/02/skos/core#notation",
        "valueUrl" : "{+notation}",
        "aboutUrl" : "https://data.mvcr.gov.cz/zdroj/číselníky/typy-pracovních-vztahů/položky/{+Concept}"
      }, {
        "@type" : "Column",
        "titles" : "type",
        "name" : "type",
        "propertyUrl" : "http://www.w3.org/1999/02/22-rdf-syntax-ns#type",
        "valueUrl" : "http://www.w3.org/2004/02/skos/core#{+type}",
        "aboutUrl" : "https://data.mvcr.gov.cz/zdroj/číselníky/typy-pracovních-vztahů/položky/{+Concept}"
      }, {
        "@type" : "Column",
        "titles" : "is in scheme",
        "name" : "inScheme",
        "propertyUrl" : "http://www.w3.org/2004/02/skos/core#inScheme",
        "valueUrl" : "https://data.mvcr.gov.cz/zdroj/číselníky/{+inScheme}",
        "aboutUrl" : "https://data.mvcr.gov.cz/zdroj/číselníky/typy-pracovních-vztahů/položky/{+Concept}"
      }, {
        "@type" : "Column",
        "titles" : "preferred label (cs)",
        "name" : "prefLabel_cs",
        "propertyUrl" : "http://www.w3.org/2004/02/skos/core#prefLabel",
        "valueUrl" : "{+prefLabel_cs}",
        "aboutUrl" : "https://data.mvcr.gov.cz/zdroj/číselníky/typy-pracovních-vztahů/položky/{+Concept}",
        "lang" : "cs"
      }, {
        "@type" : "Column",
        "titles" : "preferred label (en)",
        "name" : "prefLabel_en",
        "propertyUrl" : "http://www.w3.org/2004/02/skos/core#prefLabel",
        "valueUrl" : "{+prefLabel_en}",
        "aboutUrl" : "https://data.mvcr.gov.cz/zdroj/číselníky/typy-pracovních-vztahů/položky/{+Concept}",
        "lang" : "en"
      }, {
        "@type" : "Column",
        "propertyUrl" : "rdf:type",
        "valueUrl" : "http://www.w3.org/2004/02/skos/core#Concept",
        "aboutUrl" : "https://data.mvcr.gov.cz/zdroj/číselníky/typy-pracovních-vztahů/položky/{+Concept}",
        "virtual" : true
      } ],
      "foreignKeys" : [ {
        "columnReference" : "inScheme",
        "reference" : {
          "resource" : "typy-pracovních-vztahů1.csv",
          "columnReference" : "ConceptScheme"
        }
      } ],
      "primaryKey" : "Concept",
      "rowTitles" : [ "Concept", "notation", "type", "inScheme", "prefLabel_cs", "prefLabel_en" ]
    }
  }, {
    "@type" : "Table",
    "url" : "typy-pracovních-vztahů1.csv",
    "tableSchema" : {
      "@type" : "Schema",
      "columns" : [ {
        "@type" : "Column",
        "titles" : "Concept Scheme",
        "name" : "ConceptScheme",
        "valueUrl" : "https://data.mvcr.gov.cz/zdroj/číselníky/{+ConceptScheme}",
        "suppressOutput" : true
      }, {
        "@type" : "Column",
        "titles" : "type",
        "name" : "type",
        "propertyUrl" : "http://www.w3.org/1999/02/22-rdf-syntax-ns#type",
        "valueUrl" : "http://www.w3.org/2004/02/skos/core#{+type}",
        "aboutUrl" : "https://data.mvcr.gov.cz/zdroj/číselníky/{+ConceptScheme}"
      }, {
        "@type" : "Column",
        "titles" : "preferred label (cs)",
        "name" : "prefLabel_cs",
        "propertyUrl" : "http://www.w3.org/2004/02/skos/core#prefLabel",
        "valueUrl" : "{+prefLabel_cs}",
        "aboutUrl" : "https://data.mvcr.gov.cz/zdroj/číselníky/{+ConceptScheme}",
        "lang" : "cs"
      }, {
        "@type" : "Column",
        "titles" : "preferred label (en)",
        "name" : "prefLabel_en",
        "propertyUrl" : "http://www.w3.org/2004/02/skos/core#prefLabel",
        "valueUrl" : "{+prefLabel_en}",
        "aboutUrl" : "https://data.mvcr.gov.cz/zdroj/číselníky/{+ConceptScheme}",
        "lang" : "en"
      }, {
        "@type" : "Column",
        "propertyUrl" : "rdf:type",
        "valueUrl" : "http://www.w3.org/2004/02/skos/core#ConceptScheme",
        "aboutUrl" : "https://data.mvcr.gov.cz/zdroj/číselníky/{+ConceptScheme}",
        "virtual" : true
      } ],
      "primaryKey" : "ConceptScheme",
      "rowTitles" : [ "ConceptScheme", "type", "prefLabel_cs", "prefLabel_en" ]
    }
  } ]
}