Subject,role
https://w3id.org/italia/env/ld/ihi/authkind/attuat/dpc@19_5051/xm1,ente attuatore
https://w3id.org/italia/env/ld/ihi/authkind/prop/dait@23_1109/xm,ente proponente
https://w3id.org/italia/env/ld/ihi/authkind/autbac/dait@21_2085/xm,autorità di bacino
https://w3id.org/italia/env/ld/ihi/authkind/prop/dait@21_1466/xm,ente proponente
https://w3id.org/italia/env/ld/ihi/authkind/prop/dpc@19_5030/xm,ente proponente
https://w3id.org/italia/env/ld/ihi/authkind/autbac/dpc@21_6182/xm,autorità di bacino
https://w3id.org/italia/env/ld/ihi/authkind/autbac/317/06,autorità di bacino
https://w3id.org/italia/env/ld/ihi/authkind/attuat/dpc@21_5940/xm1,ente attuatore
https://w3id.org/italia/env/ld/ihi/authkind/attuat/dpc@19_3626/xm1,ente attuatore
https://w3id.org/italia/env/ld/ihi/authkind/attuat/dpc@19_1240/xm1,ente attuatore
https://w3id.org/italia/env/ld/ihi/authkind/prop/21ir115/g1,ente proponente
https://w3id.org/italia/env/ld/ihi/authkind/autbac/dpc@19_2592/xm,autorità di bacino
https://w3id.org/italia/env/ld/ihi/authkind/prop/dait@19_0254/xm,ente proponente
https://w3id.org/italia/env/ld/ihi/authkind/prop/dait@21_5149/xm,ente proponente
https://w3id.org/italia/env/ld/ihi/authkind/autbac/dait@21_5683/xm,autorità di bacino
https://w3id.org/italia/env/ld/ihi/authkind/attuat/dpc@19_4792/xm1,ente attuatore
https://w3id.org/italia/env/ld/ihi/authkind/prop/dait@21_3846/xm,ente proponente
https://w3id.org/italia/env/ld/ihi/authkind/autbac/dait@21_0321/xm,autorità di bacino
https://w3id.org/italia/env/ld/ihi/authkind/autbac/dait@21_5586/xm,autorità di bacino
https://w3id.org/italia/env/ld/ihi/authkind/autbac/dpc@19_3756/xm,autorità di bacino
https://w3id.org/italia/env/ld/ihi/authkind/autbac/dait@21_4904/xm,autorità di bacino
https://w3id.org/italia/env/ld/ihi/authkind/attuat/dait@23_0035/xm1,ente attuatore
https://w3id.org/italia/env/ld/ihi/authkind/autbac/dpc@19_2254/xm,autorità di bacino
https://w3id.org/italia/env/ld/ihi/authkind/prop/dait@21_3066/xm,ente proponente
https://w3id.org/italia/env/ld/ihi/authkind/attuat/dait@21_1703/xm1,ente attuatore
https://w3id.org/italia/env/ld/ihi/authkind/attuat/dpc@21_6263/xm1,ente attuatore
https://w3id.org/italia/env/ld/ihi/authkind/autbac/005/99,autorità di bacino
https://w3id.org/italia/env/ld/ihi/authkind/autbac/dpc@20_6437/xm,autorità di bacino
https://w3id.org/italia/env/ld/ihi/authkind/prop/dait@22_0084/xm,ente proponente
https://w3id.org/italia/env/ld/ihi/authkind/attuat/dpc@19_0547/xm1,ente attuatore
https://w3id.org/italia/env/ld/ihi/authkind/autbac/16ir677/g1,autorità di bacino
https://w3id.org/italia/env/ld/ihi/authkind/prop/11ir194/g1,ente proponente
https://w3id.org/italia/env/ld/ihi/authkind/attuat/dait@23_0140/xm1,ente attuatore
https://w3id.org/italia/env/ld/ihi/authkind/prop/18ir273/g1,ente proponente
https://w3id.org/italia/env/ld/ihi/authkind/prop/20ir001/ci,ente proponente
https://w3id.org/italia/env/ld/ihi/authkind/attuat/dait@22_0437/xm1,ente attuatore
https://w3id.org/italia/env/ld/ihi/authkind/prop/19irc57/g1,ente proponente
https://w3id.org/italia/env/ld/ihi/authkind/attuat/dait@23_1840/xm1,ente attuatore
https://w3id.org/italia/env/ld/ihi/authkind/autbac/dpc@19_1226/xm,autorità di bacino
https://w3id.org/italia/env/ld/ihi/authkind/attuat/dait@21_1170/xm1,ente attuatore
https://w3id.org/italia/env/ld/ihi/authkind/prop/dpc@19_3995/xm,ente proponente
https://w3id.org/italia/env/ld/ihi/authkind/attuat/dait@21_0200/xm1,ente attuatore
https://w3id.org/italia/env/ld/ihi/authkind/attuat/dpc@19_0447/xm1,ente attuatore
https://w3id.org/italia/env/ld/ihi/authkind/attuat/dpc@19_2723/xm1,ente attuatore
https://w3id.org/italia/env/ld/ihi/authkind/attuat/dait@22_0868/xm1,ente attuatore
https://w3id.org/italia/env/ld/ihi/authkind/attuat/bi078a/101,ente attuatore
https://w3id.org/italia/env/ld/ihi/authkind/autbac/cs182b/10,autorità di bacino
https://w3id.org/italia/env/ld/ihi/authkind/prop/dait@21_4473/xm,ente proponente
https://w3id.org/italia/env/ld/ihi/authkind/prop/265/02,ente proponente
https://w3id.org/italia/env/ld/ihi/authkind/attuat/dait@21_2028/xm1,ente attuatore
https://w3id.org/italia/env/ld/ihi/authkind/prop/dpc@19_5187/xm,ente proponente
https://w3id.org/italia/env/ld/ihi/authkind/autbac/dpc@20_5759/xm,autorità di bacino
https://w3id.org/italia/env/ld/ihi/authkind/attuat/405/091,ente attuatore
https://w3id.org/italia/env/ld/ihi/authkind/autbac/dait@19_0383/xm,autorità di bacino
https://w3id.org/italia/env/ld/ihi/authkind/prop/dpc@19_1436/xm,ente proponente
https://w3id.org/italia/env/ld/ihi/authkind/attuat/080/081,ente attuatore
https://w3id.org/italia/env/ld/ihi/authkind/autbac/dpc@19_3125/xm,autorità di bacino
https://w3id.org/italia/env/ld/ihi/authkind/autbac/dait@21_5645/xm,autorità di bacino
https://w3id.org/italia/env/ld/ihi/authkind/attuat/dpc@19_3951/xm1,ente attuatore
https://w3id.org/italia/env/ld/ihi/authkind/autbac/rc030a/10,autorità di bacino
https://w3id.org/italia/env/ld/ihi/authkind/attuat/dpc@20_6172/xm1,ente attuatore
https://w3id.org/italia/env/ld/ihi/authkind/prop/dait@23_0156/xm,ente proponente
https://w3id.org/italia/env/ld/ihi/authkind/prop/dait@21_1202/xm,ente proponente
https://w3id.org/italia/env/ld/ihi/authkind/autbac/dait@21_5063/xm,autorità di bacino
https://w3id.org/italia/env/ld/ihi/authkind/autbac/dait@21_6379/xm,autorità di bacino
https://w3id.org/italia/env/ld/ihi/authkind/prop/dait@21_3588/xm,ente proponente
https://w3id.org/italia/env/ld/ihi/authkind/prop/235/07,ente proponente
https://w3id.org/italia/env/ld/ihi/authkind/prop/101/06,ente proponente
https://w3id.org/italia/env/ld/ihi/authkind/attuat/09ir008/ci1,ente attuatore
https://w3id.org/italia/env/ld/ihi/authkind/autbac/dpc@19_1802/xm,autorità di bacino
https://w3id.org/italia/env/ld/ihi/authkind/attuat/129/071,ente attuatore
https://w3id.org/italia/env/ld/ihi/authkind/autbac/dait@21_4338/xm,autorità di bacino
https://w3id.org/italia/env/ld/ihi/authkind/attuat/dait@21_2765/xm1,ente attuatore
https://w3id.org/italia/env/ld/ihi/authkind/autbac/dpc@19_0638/xm,autorità di bacino
https://w3id.org/italia/env/ld/ihi/authkind/prop/253/09,ente proponente
https://w3id.org/italia/env/ld/ihi/authkind/prop/pg003a/10,ente proponente
https://w3id.org/italia/env/ld/ihi/authkind/esec/cn100a/101,ente esecutore
https://w3id.org/italia/env/ld/ihi/authkind/autbac/dpc@19_1283/xm,autorità di bacino
https://w3id.org/italia/env/ld/ihi/authkind/attuat/144/094,ente attuatore
https://w3id.org/italia/env/ld/ihi/authkind/attuat/21ir083/g11,ente attuatore
https://w3id.org/italia/env/ld/ihi/authkind/attuat/dait@21_2876/xm1,ente attuatore
