Subject,repairRelatedTo
https://w3id.org/italia/env/ld/ihi/repair/353/092sf-48,https://w3id.org/italia/env/ld/ihi/lot/353/092
https://w3id.org/italia/env/ld/ihi/repair/001/981sf-1,https://w3id.org/italia/env/ld/ihi/lot/001/981
https://w3id.org/italia/env/ld/ihi/repair/19irc60/g11si-4,https://w3id.org/italia/env/ld/ihi/lot/19irc60/g11
https://w3id.org/italia/env/ld/ihi/repair/517/091sf-32,https://w3id.org/italia/env/ld/ihi/lot/517/091
https://w3id.org/italia/env/ld/ihi/repair/243/021sf-48,https://w3id.org/italia/env/ld/ihi/lot/243/021
https://w3id.org/italia/env/ld/ihi/repair/300/081sc-3,https://w3id.org/italia/env/ld/ihi/lot/300/081
https://w3id.org/italia/env/ld/ihi/repair/343/021sf-43,https://w3id.org/italia/env/ld/ihi/lot/343/021
https://w3id.org/italia/env/ld/ihi/repair/br053a/101si-43,https://w3id.org/italia/env/ld/ihi/lot/br053a/101
https://w3id.org/italia/env/ld/ihi/repair/004/981si-32,https://w3id.org/italia/env/ld/ihi/lot/004/981
https://w3id.org/italia/env/ld/ihi/repair/251/991si-32,https://w3id.org/italia/env/ld/ihi/lot/251/991
https://w3id.org/italia/env/ld/ihi/repair/fg008a/101si-35,https://w3id.org/italia/env/ld/ihi/lot/fg008a/101
https://w3id.org/italia/env/ld/ihi/repair/19ir003/ci1si-42,https://w3id.org/italia/env/ld/ihi/lot/19ir003/ci1
https://w3id.org/italia/env/ld/ihi/repair/328/091si-33,https://w3id.org/italia/env/ld/ihi/lot/328/091
https://w3id.org/italia/env/ld/ihi/repair/016/061si-43,https://w3id.org/italia/env/ld/ihi/lot/016/061
https://w3id.org/italia/env/ld/ihi/repair/310/081sf-45,https://w3id.org/italia/env/ld/ihi/lot/310/081
https://w3id.org/italia/env/ld/ihi/repair/294/081sf-2,https://w3id.org/italia/env/ld/ihi/lot/294/081
