Subject,repairCategory
https://w3id.org/italia/env/ld/ihi/repair/016/b22sf-5,https://w3id.org/italia/env/ld/skos/ihi/repaircategory/tecnichediingegnerianaturalistica
https://w3id.org/italia/env/ld/ihi/repair/11ir313/g11si-32,https://w3id.org/italia/env/ld/skos/ihi/repaircategory/operazioniedattivitasullavegetazione
https://w3id.org/italia/env/ld/ihi/repair/164/021si-16,https://w3id.org/italia/env/ld/skos/ihi/repaircategory/operetradizionaliprevalentementerealizzateincls
https://w3id.org/italia/env/ld/ihi/repair/257/061si-7,https://w3id.org/italia/env/ld/skos/ihi/repaircategory/operetradizionaliprevalentementerealizzateincls
https://w3id.org/italia/env/ld/ihi/repair/526/991sf-23,https://w3id.org/italia/env/ld/skos/ihi/repaircategory/operetradizionaliprevalentementerealizzateincls
