Subject,Date Modified
https://w3id.org/italia/env/ld/ihi/lot/dpc@19_2280/xm1,2022-01-24
https://w3id.org/italia/env/ld/ihi/lot/rm034a/101,2020-01-08
https://w3id.org/italia/env/ld/ihi/lot/dait@21_0272/xm1,2022-03-29
https://w3id.org/italia/env/ld/ihi/lot/maaf@22_0120/xm1,2023-09-04
https://w3id.org/italia/env/ld/ihi/lot/dait@21_2101/xm1,2022-09-05
https://w3id.org/italia/env/ld/ihi/lot/dait@21_3030/xm1,2022-07-15
https://w3id.org/italia/env/ld/ihi/lot/dpc@19_2519/xm1,2023-04-28
https://w3id.org/italia/env/ld/ihi/lot/dpc@19_4012/xm1,2019-09-30
https://w3id.org/italia/env/ld/ihi/lot/dait@21_5699/xm1,2022-12-14
https://w3id.org/italia/env/ld/ihi/lot/dpc@19_0405/xm1,2020-08-19
https://w3id.org/italia/env/ld/ihi/lot/dait@21_2144/xm1,2022-06-22
https://w3id.org/italia/env/ld/ihi/lot/546/991,2007-05-25
https://w3id.org/italia/env/ld/ihi/lot/17ir378/g11,2023-01-26
https://w3id.org/italia/env/ld/ihi/lot/dait@21_2311/xm1,2022-01-26
https://w3id.org/italia/env/ld/ihi/lot/pg007a/1034,2013-01-17
https://w3id.org/italia/env/ld/ihi/lot/539/092,2020-05-20
https://w3id.org/italia/env/ld/ihi/lot/dpc@19_2877/xm1,2022-08-30
https://w3id.org/italia/env/ld/ihi/lot/dait@21_5572/xm1,2024-06-06
https://w3id.org/italia/env/ld/ihi/lot/dait@23_1458/xm1,2023-08-01
https://w3id.org/italia/env/ld/ihi/lot/re018b/101,2013-06-13
https://w3id.org/italia/env/ld/ihi/lot/dait@21_0040/xm1,2022-11-15
https://w3id.org/italia/env/ld/ihi/lot/dpc@19_2108/xm1,2021-12-11
https://w3id.org/italia/env/ld/ihi/lot/dait@22_0303/xm1,2022-09-06
https://w3id.org/italia/env/ld/ihi/lot/017/081,2009-08-12
https://w3id.org/italia/env/ld/ihi/lot/dait@21_4834/xm1,2022-12-06
https://w3id.org/italia/env/ld/ihi/lot/fr069b/101,2011-04-06
https://w3id.org/italia/env/ld/ihi/lot/dait@19_0637/xm1,2019-10-30
