Subject,contact
https://w3id.org/italia/env/ld/ihi/lot/324/021,Ufficio tecnico CBSM Geom. Corrado Costa
https://w3id.org/italia/env/ld/ihi/lot/le083a/101,ARCH. ARTURO CONTALDO
https://w3id.org/italia/env/ld/ihi/lot/331/082,arch. Mara TOSIN
https://w3id.org/italia/env/ld/ihi/lot/cb028a/101,Responsabile Servizio Tecnico Geom. Gabriele Patricelli (tecnico@comune.montefalconenelsannio.cb.it)
https://w3id.org/italia/env/ld/ihi/lot/174/081,Responsabile Ufficio Tecnico Dott. Angelo Cippitelli
https://w3id.org/italia/env/ld/ihi/lot/372/081,CUT Ing. Di Giuseppe
https://w3id.org/italia/env/ld/ihi/lot/01ira32/g112,Responsabile del Servizio Geom. Claudio Tardito (ufficio.tecnico@comuneterzo.it)
