Subject,Date,hasStep
https://w3id.org/italia/env/ld/ihi/agreement/16ir636/g1,2017-11-22,
https://w3id.org/italia/env/ld/ihi/lotstep/dpc@19_1598/xm1-82,2019-11-12,
https://w3id.org/italia/env/ld/ihi/lotstep/dait@21_2332/xm1-229,2023-05-19,
https://w3id.org/italia/env/ld/ihi/agreement/dait@23_0591/xm,2023-05-19,
https://w3id.org/italia/env/ld/ihi/lotstep/162/062-190,2009-06-03,
https://w3id.org/italia/env/ld/ihi/lotstep/572/991-130,2001-08-09,
https://w3id.org/italia/env/ld/ihi/agreement/cs167b/10,2010-11-25,
https://w3id.org/italia/env/ld/ihi/lotstep/18ir081/g11-152,2022-06-18,
https://w3id.org/italia/env/ld/ihi/lotstep/02ir003/ci1-217,2023-07-07,
https://w3id.org/italia/env/ld/ihi/lotstep/357/061-220,2009-08-03,
https://w3id.org/italia/env/ld/ihi/lotstep/dait@21_2253/xm1-172,2021-11-09,
https://w3id.org/italia/env/ld/ihi/lotstep/dpc@19_0296/xm1-172,2022-08-03,
https://w3id.org/italia/env/ld/ihi/agreement/dpc@19_2171/xm,2019-02-20,
https://w3id.org/italia/env/ld/ihi/lotstep/146/091-70,2009-03-30,
https://w3id.org/italia/env/ld/ihi/lotstep/18ir824/g11-217,2021-02-15,
https://w3id.org/italia/env/ld/ihi/lotstep/479/091-190,2016-04-04,
https://w3id.org/italia/env/ld/ihi/lotstep/dpc@19_4318/xm1-217,2021-08-04,
https://w3id.org/italia/env/ld/ihi/lotstep/131/061-140,2006-03-06,
https://w3id.org/italia/env/ld/ihi/agreement/308/02,2002-12-23,
https://w3id.org/italia/env/ld/ihi/lotstep/dait@21_7472/xm1-102,2021-01-11,
https://w3id.org/italia/env/ld/ihi/lotstep/va153a/101-180,2014-11-12,
https://w3id.org/italia/env/ld/ihi/lotstep/dpc@19_1338/xm1-215,2020-07-31,
https://w3id.org/italia/env/ld/ihi/lotstep/dait@19_0164/xm1-152,2020-07-14,
https://w3id.org/italia/env/ld/ihi/lotstep/15ir829/g11-175,2023-06-07,
https://w3id.org/italia/env/ld/ihi/agreement/dait@21_6693/xm,2021-05-03,
https://w3id.org/italia/env/ld/ihi/lotstep/pg022a/101-220,2018-12-05,
https://w3id.org/italia/env/ld/ihi/lotstep/dait@21_4295/xm1-217,2023-03-06,
https://w3id.org/italia/env/ld/ihi/agreement/dait@23_1757/xm,2023-05-19,
https://w3id.org/italia/env/ld/ihi/lotstep/pc001a/104-210,2013-10-07,
https://w3id.org/italia/env/ld/ihi/agreement/05ir024/g9,2019-07-24,
https://w3id.org/italia/env/ld/ihi/lotstep/402/091-120,2009-07-13,
https://w3id.org/italia/env/ld/ihi/lotstep/13ir954/g11-183,2021-10-07,
https://w3id.org/italia/env/ld/ihi/agreement/dait@21_0865/xm,2021-02-23,
https://w3id.org/italia/env/ld/ihi/lotstep/09ir010/g42-170,2021-12-22,
https://w3id.org/italia/env/ld/ihi/lotstep/01ira50/g14-142,2021-02-20,https://w3id.org/italia/env/ld/skos/ihi/steptype/142
https://w3id.org/italia/env/ld/ihi/lotstep/dpc@19_0167/xm1-227,2022-11-25,
https://w3id.org/italia/env/ld/ihi/lotstep/bi085a/101-80,2012-03-29,
https://w3id.org/italia/env/ld/ihi/lotstep/li090a/102-210,2015-05-14,
https://w3id.org/italia/env/ld/ihi/lotstep/364/081-180,2010-02-22,
https://w3id.org/italia/env/ld/ihi/lotstep/18ir477/g11-102,2017-12-31,
https://w3id.org/italia/env/ld/ihi/lotstep/219/081-180,2010-11-17,
https://w3id.org/italia/env/ld/ihi/lotstep/369/991-210,2005-12-06,
https://w3id.org/italia/env/ld/ihi/lotstep/280/992-210,2003-03-27,
https://w3id.org/italia/env/ld/ihi/agreement/dait@19_0320/xm,2019-12-30,
https://w3id.org/italia/env/ld/ihi/agreement/dait@21_7567/xm,2021-05-03,
https://w3id.org/italia/env/ld/ihi/agreement/dait@22_0178/xm,2022-06-22,
https://w3id.org/italia/env/ld/ihi/lotstep/dait@23_0501/xm1-152,2021-07-26,
https://w3id.org/italia/env/ld/ihi/lotstep/dait@21_0872/xm1-125,2020-09-08,
https://w3id.org/italia/env/ld/ihi/lotstep/dait@21_4754/xm1-102,2020-09-15,
https://w3id.org/italia/env/ld/ihi/lotstep/613/991-180,2004-12-22,
https://w3id.org/italia/env/ld/ihi/agreement/dpc@19_4023/xm,2019-02-20,
https://w3id.org/italia/env/ld/ihi/lotstep/dait@21_3190/xm1-152,2022-09-02,
https://w3id.org/italia/env/ld/ihi/lotstep/dait@21_7224/xm1-172,2021-08-04,
https://w3id.org/italia/env/ld/ihi/lotstep/dait@21_4021/xm1-142,2018-10-03,
https://w3id.org/italia/env/ld/ihi/lotstep/lu066a/101-990,2011-08-03,
https://w3id.org/italia/env/ld/ihi/lotstep/480/091-140,2009-11-19,
https://w3id.org/italia/env/ld/ihi/lotstep/dait@21_4727/xm1-217,2022-04-22,
https://w3id.org/italia/env/ld/ihi/lotstep/781/991-220,2006-07-10,
https://w3id.org/italia/env/ld/ihi/agreement/034/09,2008-11-10,
https://w3id.org/italia/env/ld/ihi/lotstep/dait@21_5451/xm1-223,2022-01-18,
https://w3id.org/italia/env/ld/ihi/lotstep/si025a/101-190,2014-05-19,
https://w3id.org/italia/env/ld/ihi/agreement/591/99,1999-12-21,
https://w3id.org/italia/env/ld/ihi/lotstep/dait@21_2786/xm1-142,2021-12-02,
https://w3id.org/italia/env/ld/ihi/lotstep/324/091-220,2016-02-09,
https://w3id.org/italia/env/ld/ihi/lotstep/dait@21_5394/xm1-215,2024-04-12,
https://w3id.org/italia/env/ld/ihi/lotstep/dpc@19_2815/xm1-223,2019-03-25,
https://w3id.org/italia/env/ld/ihi/lotstep/dpc@19_1903/xm1-172,2019-05-06,
https://w3id.org/italia/env/ld/ihi/lotstep/15ir862/g11-120,2003-11-25,
https://w3id.org/italia/env/ld/ihi/lotstep/dpc@19_3250/xm1-152,2020-07-24,
https://w3id.org/italia/env/ld/ihi/agreement/cn096a/10,2010-11-17,
https://w3id.org/italia/env/ld/ihi/lotstep/437/991-180,2001-06-11,
https://w3id.org/italia/env/ld/ihi/lotstep/sr187a/101-175,2013-10-23,
https://w3id.org/italia/env/ld/ihi/agreement/19irc73/g1,2019-05-03,
https://w3id.org/italia/env/ld/ihi/lotstep/dait@21_2971/xm1-102,2020-09-11,
https://w3id.org/italia/env/ld/ihi/lotstep/dait@21_5036/xm1-184,2022-09-19,
https://w3id.org/italia/env/ld/ihi/agreement/dait@21_1171/xm,2021-02-23,
https://w3id.org/italia/env/ld/ihi/lotstep/ud020b/101-140,2013-04-19,
https://w3id.org/italia/env/ld/ihi/lotstep/va151a/101-120,2013-02-22,
https://w3id.org/italia/env/ld/ihi/lotstep/nu026a/101-140,2011-03-07,
https://w3id.org/italia/env/ld/ihi/lotstep/to169a/101-180,2014-06-13,
https://w3id.org/italia/env/ld/ihi/lotstep/dait@21_1836/xm1-172,2022-03-07,
https://w3id.org/italia/env/ld/ihi/lotstep/16ir445/g11-152,2020-11-26,
https://w3id.org/italia/env/ld/ihi/lotstep/150/021-225,2005-10-20,
https://w3id.org/italia/env/ld/ihi/agreement/dpc@19_5068/xm,2019-02-20,
https://w3id.org/italia/env/ld/ihi/agreement/dait@23_0153/xm,2023-05-19,
https://w3id.org/italia/env/ld/ihi/agreement/dpc@19_4603/xm,2019-02-20,
https://w3id.org/italia/env/ld/ihi/agreement/185/09,2008-11-10,
https://w3id.org/italia/env/ld/ihi/lotstep/226/081-80,2008-01-02,
https://w3id.org/italia/env/ld/ihi/agreement/dait@21_6253/xm,2021-11-08,
https://w3id.org/italia/env/ld/ihi/lotstep/so172c/102-180,2014-02-04,
https://w3id.org/italia/env/ld/ihi/lotstep/dait@21_0777/xm1-115,2020-08-10,
https://w3id.org/italia/env/ld/ihi/lotstep/dpc@19_0280/xm1-152,2017-04-04,
https://w3id.org/italia/env/ld/ihi/lotstep/116/081-150,2010-01-25,
https://w3id.org/italia/env/ld/ihi/lotstep/dait@21_7514/xm1-152,2021-07-27,
https://w3id.org/italia/env/ld/ihi/lotstep/dait@19_0602/xm1-184,2020-10-06,
https://w3id.org/italia/env/ld/ihi/lotstep/dait@21_4021/xm1-172,2019-10-31,
https://w3id.org/italia/env/ld/ihi/agreement/dait@23_1836/xm,2023-05-19,
https://w3id.org/italia/env/ld/ihi/agreement/dpc@19_4974/xm,2019-02-20,
https://w3id.org/italia/env/ld/ihi/lotstep/dait@23_1018/xm1-184,2024-05-23,
https://w3id.org/italia/env/ld/ihi/lotstep/dpc@19_0001/xm1-226,2022-12-30,
https://w3id.org/italia/env/ld/ihi/lotstep/dait@21_5263/xm1-172,2022-08-08,
https://w3id.org/italia/env/ld/ihi/lotstep/dpc@19_4686/xm1-223,2021-12-03,
https://w3id.org/italia/env/ld/ihi/lotstep/102/074-150,2008-01-01,
https://w3id.org/italia/env/ld/ihi/agreement/dpc@19_3697/xm,2019-02-20,
https://w3id.org/italia/env/ld/ihi/agreement/dait@21_4503/xm,2021-11-08,
https://w3id.org/italia/env/ld/ihi/lotstep/009/994-210,2005-12-23,
https://w3id.org/italia/env/ld/ihi/lotstep/pd011b/101-120,2010-04-16,
https://w3id.org/italia/env/ld/ihi/agreement/dait@21_6822/xm,2021-05-03,
https://w3id.org/italia/env/ld/ihi/agreement/18ir468/g1,2020-10-30,
https://w3id.org/italia/env/ld/ihi/lotstep/525/991-100,2006-10-07,
https://w3id.org/italia/env/ld/ihi/lotstep/03ir154/g11-125,2021-03-28,
https://w3id.org/italia/env/ld/ihi/lotstep/01ira54/g12-140,2021-03-02,
https://w3id.org/italia/env/ld/ihi/lotstep/fg090a/101-992,2013-06-11,
https://w3id.org/italia/env/ld/ihi/agreement/dait@21_0536/xm,2021-02-23,
https://w3id.org/italia/env/ld/ihi/lotstep/dait@21_5281/xm1-152,2022-11-16,
https://w3id.org/italia/env/ld/ihi/lotstep/dait@19_0667/xm1-132,2019-08-27,
https://w3id.org/italia/env/ld/ihi/lotstep/258/091-130,2008-12-04,
https://w3id.org/italia/env/ld/ihi/agreement/143/07,2006-11-03,
https://w3id.org/italia/env/ld/ihi/lotstep/an010a/101-140,2018-09-17,
https://w3id.org/italia/env/ld/ihi/lotstep/dpc@19_0847/xm1-172,2019-12-23,
https://w3id.org/italia/env/ld/ihi/lotstep/18ir959/g11-183,2020-08-27,
https://w3id.org/italia/env/ld/ihi/lotstep/142/992-220,2008-04-10,
https://w3id.org/italia/env/ld/ihi/lotstep/063/981-190,2001-03-30,
https://w3id.org/italia/env/ld/ihi/lotstep/21ir079/g11-132,2019-10-01,
https://w3id.org/italia/env/ld/ihi/lotstep/dpc@19_5134/xm1-142,2019-06-10,
https://w3id.org/italia/env/ld/ihi/lotstep/dait@23_0840/xm1-125,2022-02-01,
https://w3id.org/italia/env/ld/ihi/agreement/dpc@22_5547/xm,2022-10-31,
https://w3id.org/italia/env/ld/ihi/lotstep/dait@21_1060/xm1-172,2021-04-22,
https://w3id.org/italia/env/ld/ihi/lotstep/mt053a/101-170,2012-06-29,
https://w3id.org/italia/env/ld/ihi/lotstep/dait@19_0491/xm1-215,2021-08-18,
https://w3id.org/italia/env/ld/ihi/lotstep/dait@22_0310/xm1-132,2023-01-01,
https://w3id.org/italia/env/ld/ihi/lotstep/dait@19_0794/xm1-184,2020-06-25,
https://w3id.org/italia/env/ld/ihi/lotstep/dpc@19_3000/xm1-227,2019-12-06,
https://w3id.org/italia/env/ld/ihi/agreement/dpc@19_5131/xm,2019-02-20,
