Subject,entity
https://w3id.org/italia/env/ld/ihi/authkind/autbac/038/08,https://w3id.org/italia/env/ld/ihi/businessentity/ab999
https://w3id.org/italia/env/ld/ihi/authkind/prop/359/08,https://w3id.org/italia/env/ld/ihi/businessentity/14
https://w3id.org/italia/env/ld/ihi/authkind/prop/dait@21_3210/xm,https://w3id.org/italia/env/ld/ihi/businessentity/001081
https://w3id.org/italia/env/ld/ihi/authkind/attuat/dpc@19_2321/xm1,https://w3id.org/italia/env/ld/ihi/businessentity/030112
https://w3id.org/italia/env/ld/ihi/authkind/attuat/dait@21_2168/xm1,https://w3id.org/italia/env/ld/ihi/businessentity/004005
https://w3id.org/italia/env/ld/ihi/authkind/autbac/dpc@22_5325/xm,https://w3id.org/italia/env/ld/ihi/businessentity/ab56
https://w3id.org/italia/env/ld/ihi/authkind/esec/fc067b/101,https://w3id.org/italia/env/ld/ihi/businessentity/08
https://w3id.org/italia/env/ld/ihi/authkind/attuat/513/091,https://w3id.org/italia/env/ld/ihi/businessentity/078135
https://w3id.org/italia/env/ld/ihi/authkind/prop/dpc@22_6650/xm,https://w3id.org/italia/env/ld/ihi/businessentity/004081
https://w3id.org/italia/env/ld/ihi/authkind/attuat/dait@21_3242/xm1,https://w3id.org/italia/env/ld/ihi/businessentity/001131
https://w3id.org/italia/env/ld/ihi/authkind/attuat/dpc@19_1978/xm1,https://w3id.org/italia/env/ld/ihi/businessentity/036030
https://w3id.org/italia/env/ld/ihi/authkind/prop/dpc@19_2393/xm,https://w3id.org/italia/env/ld/ihi/businessentity/030094
https://w3id.org/italia/env/ld/ihi/authkind/attuat/vc235b/101,https://w3id.org/italia/env/ld/ihi/businessentity/01
https://w3id.org/italia/env/ld/ihi/authkind/attuat/dait@23_1402/xm1,https://w3id.org/italia/env/ld/ihi/businessentity/006153
https://w3id.org/italia/env/ld/ihi/authkind/attuat/dpc@19_3469/xm1,https://w3id.org/italia/env/ld/ihi/businessentity/017063
https://w3id.org/italia/env/ld/ihi/authkind/attuat/dpc@19_1691/xm1,https://w3id.org/italia/env/ld/ihi/businessentity/033026
https://w3id.org/italia/env/ld/ihi/authkind/attuat/ao004a/101,https://w3id.org/italia/env/ld/ihi/businessentity/cs02
https://w3id.org/italia/env/ld/ihi/authkind/esec/05ir024/g91,https://w3id.org/italia/env/ld/ihi/businessentity/05
https://w3id.org/italia/env/ld/ihi/authkind/attuat/18ir420/g11,https://w3id.org/italia/env/ld/ihi/businessentity/cs18
https://w3id.org/italia/env/ld/ihi/authkind/autbac/dpc@19_0311/xm,https://w3id.org/italia/env/ld/ihi/businessentity/ab50
https://w3id.org/italia/env/ld/ihi/authkind/prop/dait@21_7178/xm,https://w3id.org/italia/env/ld/ihi/businessentity/064071
https://w3id.org/italia/env/ld/ihi/authkind/autbac/16ir623/g1,https://w3id.org/italia/env/ld/ihi/businessentity/ab36
https://w3id.org/italia/env/ld/ihi/authkind/autbac/033/99,https://w3id.org/italia/env/ld/ihi/businessentity/ab21
https://w3id.org/italia/env/ld/ihi/authkind/autbac/dpc@22_5503/xm,https://w3id.org/italia/env/ld/ihi/businessentity/ab70
https://w3id.org/italia/env/ld/ihi/authkind/prop/dait@21_5377/xm,https://w3id.org/italia/env/ld/ihi/businessentity/109028
https://w3id.org/italia/env/ld/ihi/authkind/attuat/dait@21_4598/xm1,https://w3id.org/italia/env/ld/ihi/businessentity/023097
https://w3id.org/italia/env/ld/ihi/authkind/prop/dait@23_1713/xm,https://w3id.org/italia/env/ld/ihi/businessentity/017116
https://w3id.org/italia/env/ld/ihi/authkind/autbac/dait@21_6312/xm,https://w3id.org/italia/env/ld/ihi/businessentity/ab58
https://w3id.org/italia/env/ld/ihi/authkind/prop/09ir006/mt,https://w3id.org/italia/env/ld/ihi/businessentity/09
https://w3id.org/italia/env/ld/ihi/authkind/prop/dpc@19_0531/xm,https://w3id.org/italia/env/ld/ihi/businessentity/067006
https://w3id.org/italia/env/ld/ihi/authkind/prop/dpc@19_2783/xm,https://w3id.org/italia/env/ld/ihi/businessentity/060077
https://w3id.org/italia/env/ld/ihi/authkind/prop/207/02,https://w3id.org/italia/env/ld/ihi/businessentity/08
https://w3id.org/italia/env/ld/ihi/authkind/autbac/dait@21_2831/xm,https://w3id.org/italia/env/ld/ihi/businessentity/ab993
https://w3id.org/italia/env/ld/ihi/authkind/attuat/dpc@22_6272/xm1,https://w3id.org/italia/env/ld/ihi/businessentity/016082
https://w3id.org/italia/env/ld/ihi/authkind/attuat/dait@22_0576/xm1,https://w3id.org/italia/env/ld/ihi/businessentity/065031
https://w3id.org/italia/env/ld/ihi/authkind/attuat/dait@21_7163/xm1,https://w3id.org/italia/env/ld/ihi/businessentity/103015
https://w3id.org/italia/env/ld/ihi/authkind/attuat/dait@19_0313/xm1,https://w3id.org/italia/env/ld/ihi/businessentity/079005
https://w3id.org/italia/env/ld/ihi/authkind/attuat/136/022,https://w3id.org/italia/env/ld/ihi/businessentity/042
https://w3id.org/italia/env/ld/ihi/authkind/attuat/dpc@19_3181/xm1,https://w3id.org/italia/env/ld/ihi/businessentity/011025
https://w3id.org/italia/env/ld/ihi/authkind/autbac/dait@21_0645/xm,https://w3id.org/italia/env/ld/ihi/businessentity/ab70
https://w3id.org/italia/env/ld/ihi/authkind/prop/dpc@19_3541/xm,https://w3id.org/italia/env/ld/ihi/businessentity/070082
https://w3id.org/italia/env/ld/ihi/authkind/autbac/17ir001/ci,https://w3id.org/italia/env/ld/ihi/businessentity/ab56
https://w3id.org/italia/env/ld/ihi/authkind/prop/224/99,https://w3id.org/italia/env/ld/ihi/businessentity/08
https://w3id.org/italia/env/ld/ihi/authkind/prop/dait@23_0936/xm,https://w3id.org/italia/env/ld/ihi/businessentity/016147
https://w3id.org/italia/env/ld/ihi/authkind/attuat/dpc@22_6753/xm1,https://w3id.org/italia/env/ld/ihi/businessentity/091009
https://w3id.org/italia/env/ld/ihi/authkind/esec/01ira57/g12,https://w3id.org/italia/env/ld/ihi/businessentity/096
https://w3id.org/italia/env/ld/ihi/authkind/autbac/dpc@19_4260/xm,https://w3id.org/italia/env/ld/ihi/businessentity/ab42
https://w3id.org/italia/env/ld/ihi/authkind/attuat/176/023,https://w3id.org/italia/env/ld/ihi/businessentity/05
https://w3id.org/italia/env/ld/ihi/authkind/autbac/dpc@19_2572/xm,https://w3id.org/italia/env/ld/ihi/businessentity/ab991
https://w3id.org/italia/env/ld/ihi/authkind/attuat/dait@21_0508/xm1,https://w3id.org/italia/env/ld/ihi/businessentity/078152
https://w3id.org/italia/env/ld/ihi/authkind/prop/dait@19_0266/xm,https://w3id.org/italia/env/ld/ihi/businessentity/058110
https://w3id.org/italia/env/ld/ihi/authkind/attuat/dait@23_1300/xm1,https://w3id.org/italia/env/ld/ihi/businessentity/006094
https://w3id.org/italia/env/ld/ihi/authkind/autbac/dpc@19_1001/xm,https://w3id.org/italia/env/ld/ihi/businessentity/ab22
https://w3id.org/italia/env/ld/ihi/authkind/autbac/dpc@19_0910/xm,https://w3id.org/italia/env/ld/ihi/businessentity/ab22
https://w3id.org/italia/env/ld/ihi/authkind/autbac/dait@23_1601/xm,https://w3id.org/italia/env/ld/ihi/businessentity/ab21
https://w3id.org/italia/env/ld/ihi/authkind/prop/13ir416/g1,https://w3id.org/italia/env/ld/ihi/businessentity/13
https://w3id.org/italia/env/ld/ihi/authkind/attuat/dait@21_7235/xm1,https://w3id.org/italia/env/ld/ihi/businessentity/008045
https://w3id.org/italia/env/ld/ihi/authkind/prop/dait@22_0785/xm,https://w3id.org/italia/env/ld/ihi/businessentity/061087
https://w3id.org/italia/env/ld/ihi/authkind/attuat/dait@21_0715/xm1,https://w3id.org/italia/env/ld/ihi/businessentity/064029
https://w3id.org/italia/env/ld/ihi/authkind/attuat/dpc@19_4526/xm1,https://w3id.org/italia/env/ld/ihi/businessentity/025071
https://w3id.org/italia/env/ld/ihi/authkind/attuat/dait@21_0338/xm1,https://w3id.org/italia/env/ld/ihi/businessentity/079095
https://w3id.org/italia/env/ld/ihi/authkind/prop/496/99,https://w3id.org/italia/env/ld/ihi/businessentity/15
https://w3id.org/italia/env/ld/ihi/authkind/attuat/dait@21_3993/xm1,https://w3id.org/italia/env/ld/ihi/businessentity/014007
https://w3id.org/italia/env/ld/ihi/authkind/attuat/813/991,https://w3id.org/italia/env/ld/ihi/businessentity/013207
https://w3id.org/italia/env/ld/ihi/authkind/attuat/dait@21_1461/xm1,https://w3id.org/italia/env/ld/ihi/businessentity/008039
https://w3id.org/italia/env/ld/ihi/authkind/autbac/dait@21_3833/xm,https://w3id.org/italia/env/ld/ihi/businessentity/ab21
https://w3id.org/italia/env/ld/ihi/authkind/autbac/dait@21_0129/xm,https://w3id.org/italia/env/ld/ihi/businessentity/ab50
https://w3id.org/italia/env/ld/ihi/authkind/attuat/dait@21_1079/xm1,https://w3id.org/italia/env/ld/ihi/businessentity/035001
https://w3id.org/italia/env/ld/ihi/authkind/autbac/dait@21_1732/xm,https://w3id.org/italia/env/ld/ihi/businessentity/ab21
https://w3id.org/italia/env/ld/ihi/authkind/attuat/205/021,https://w3id.org/italia/env/ld/ihi/businessentity/08
https://w3id.org/italia/env/ld/ihi/authkind/autbac/18ir864/g1,https://w3id.org/italia/env/ld/ihi/businessentity/ab70
https://w3id.org/italia/env/ld/ihi/authkind/autbac/dait@22_0392/xm,https://w3id.org/italia/env/ld/ihi/businessentity/ab83
https://w3id.org/italia/env/ld/ihi/authkind/esec/lt063b/103,https://w3id.org/italia/env/ld/ihi/businessentity/cb002
https://w3id.org/italia/env/ld/ihi/authkind/attuat/131/089,https://w3id.org/italia/env/ld/ihi/businessentity/a001
https://w3id.org/italia/env/ld/ihi/authkind/prop/dpc@19_1764/xm,https://w3id.org/italia/env/ld/ihi/businessentity/036032
https://w3id.org/italia/env/ld/ihi/authkind/prop/dpc@19_3425/xm,https://w3id.org/italia/env/ld/ihi/businessentity/016229
https://w3id.org/italia/env/ld/ihi/authkind/attuat/dait@21_5885/xm1,https://w3id.org/italia/env/ld/ihi/businessentity/062035
https://w3id.org/italia/env/ld/ihi/authkind/prop/dpc@19_0588/xm,https://w3id.org/italia/env/ld/ihi/businessentity/021059
https://w3id.org/italia/env/ld/ihi/authkind/prop/dait@22_0571/xm,https://w3id.org/italia/env/ld/ihi/businessentity/063006
https://w3id.org/italia/env/ld/ihi/authkind/attuat/119/994,https://w3id.org/italia/env/ld/ihi/businessentity/05
https://w3id.org/italia/env/ld/ihi/authkind/prop/385/09,https://w3id.org/italia/env/ld/ihi/businessentity/025062
https://w3id.org/italia/env/ld/ihi/authkind/autbac/dpc@19_1839/xm,https://w3id.org/italia/env/ld/ihi/businessentity/ab21
https://w3id.org/italia/env/ld/ihi/authkind/prop/dpc@21_5833/xm,https://w3id.org/italia/env/ld/ihi/businessentity/036011
https://w3id.org/italia/env/ld/ihi/authkind/prop/dpc@19_3415/xm,https://w3id.org/italia/env/ld/ihi/businessentity/016210
https://w3id.org/italia/env/ld/ihi/authkind/prop/dait@21_1287/xm,https://w3id.org/italia/env/ld/ihi/businessentity/058036
https://w3id.org/italia/env/ld/ihi/authkind/autbac/dait@22_0432/xm,https://w3id.org/italia/env/ld/ihi/businessentity/ab49
https://w3id.org/italia/env/ld/ihi/authkind/attuat/dait@19_0463/xm1,https://w3id.org/italia/env/ld/ihi/businessentity/006126
