Subject,Source
https://w3id.org/italia/env/ld/ihi/agreement/dpc@22_6646/xm,Non disponibile in G.U.
https://w3id.org/italia/env/ld/ihi/agreement/dpc@19_0750/xm,GU n.88 del 13/04/2019
https://w3id.org/italia/env/ld/ihi/agreement/ao010a/10,Non disponibile in G.U.
https://w3id.org/italia/env/ld/ihi/agreement/dait@22_0456/xm,Non disponibile in G.U.
https://w3id.org/italia/env/ld/ihi/agreement/dait@21_4574/xm,Non disponibile in G.U.
https://w3id.org/italia/env/ld/ihi/agreement/506/99,G.U. n 233 del 05/10/2000
https://w3id.org/italia/env/ld/ihi/agreement/dait@22_0177/xm,Non disponibile in G.U.
https://w3id.org/italia/env/ld/ihi/agreement/re097r/10,Non disponibile in G.U.
https://w3id.org/italia/env/ld/ihi/agreement/311/06,Non disponibile in G.U.
https://w3id.org/italia/env/ld/ihi/agreement/dait@21_3078/xm,Non disponibile in G.U.
https://w3id.org/italia/env/ld/ihi/agreement/dait@19_0526/xm,Non disponibile in G.U.
https://w3id.org/italia/env/ld/ihi/agreement/dpc@19_2585/xm,GU n.88 del 13/04/2019
https://w3id.org/italia/env/ld/ihi/agreement/gr050a/10,Non disponibile in G.U.
https://w3id.org/italia/env/ld/ihi/agreement/dpc@20_6395/xm,Non disponibile in G.U.
https://w3id.org/italia/env/ld/ihi/agreement/438/02,Non disponibile in G.U.
https://w3id.org/italia/env/ld/ihi/agreement/dait@21_6849/xm,Non disponibile in G.U.
https://w3id.org/italia/env/ld/ihi/agreement/dait@23_1279/xm,Non disponibile in G.U.
https://w3id.org/italia/env/ld/ihi/agreement/18ir026/g1,Non disponibile in G.U.
https://w3id.org/italia/env/ld/ihi/agreement/bg161b/10,Non disponibile in G.U.
https://w3id.org/italia/env/ld/ihi/agreement/21ir007/mt,Non disponibile in G.U.
https://w3id.org/italia/env/ld/ihi/agreement/dait@22_0598/xm,Non disponibile in G.U.
https://w3id.org/italia/env/ld/ihi/agreement/dait@21_5016/xm,Non disponibile in G.U.
https://w3id.org/italia/env/ld/ihi/agreement/dait@21_7018/xm,Non disponibile in G.U.
