Subject,contractingAuthority,hasEconomicIndicator,officialInstabilityType
https://w3id.org/italia/env/ld/ihi/lot/dpc@19_4536/xm1,https://w3id.org/italia/env/ld/ihi/authkind/attuat/dpc@19_4536/xm1,,
https://w3id.org/italia/env/ld/ihi/intervention/710/99,https://w3id.org/italia/env/ld/ihi/authkind/autbac/710/99,,
https://w3id.org/italia/env/ld/ihi/lot/dait@21_1822/xm1,https://w3id.org/italia/env/ld/ihi/authkind/attuat/dait@21_1822/xm1,,
https://w3id.org/italia/env/ld/ihi/intervention/dait@21_7051/xm,https://w3id.org/italia/env/ld/ihi/authkind/autbac/dait@21_7051/xm,,
https://w3id.org/italia/env/ld/ihi/intervention/173/07,https://w3id.org/italia/env/ld/ihi/authkind/autbac/173/07,,
https://w3id.org/italia/env/ld/ihi/intervention/dait@21_0559/xm,https://w3id.org/italia/env/ld/ihi/authkind/autbac/dait@21_0559/xm,,
https://w3id.org/italia/env/ld/ihi/intervention/al013a/10,https://w3id.org/italia/env/ld/ihi/authkind/autbac/al013a/10,,
https://w3id.org/italia/env/ld/ihi/intervention/13ir003/ci,https://w3id.org/italia/env/ld/ihi/authkind/prop/13ir003/ci,,
https://w3id.org/italia/env/ld/ihi/intervention/dait@23_1352/xm,https://w3id.org/italia/env/ld/ihi/authkind/autbac/dait@23_1352/xm,,
https://w3id.org/italia/env/ld/ihi/intervention/dpc@22_5385/xm,https://w3id.org/italia/env/ld/ihi/authkind/autbac/dpc@22_5385/xm,,
https://w3id.org/italia/env/ld/ihi/lot/dpc@21_6212/xm1,https://w3id.org/italia/env/ld/ihi/authkind/attuat/dpc@21_6212/xm1,,
https://w3id.org/italia/env/ld/ihi/intervention/179/06,https://w3id.org/italia/env/ld/ihi/authkind/prop/179/06,,
https://w3id.org/italia/env/ld/ihi/intervention/129/06,https://w3id.org/italia/env/ld/ihi/authkind/autbac/129/06,,
https://w3id.org/italia/env/ld/ihi/intervention/dpc@21_6040/xm,https://w3id.org/italia/env/ld/ihi/authkind/prop/dpc@21_6040/xm,,
https://w3id.org/italia/env/ld/ihi/lot/292/071,https://w3id.org/italia/env/ld/ihi/authkind/attuat/292/071,,
https://w3id.org/italia/env/ld/ihi/lot/dait@21_5408/xm1,https://w3id.org/italia/env/ld/ihi/authkind/attuat/dait@21_5408/xm1,,
https://w3id.org/italia/env/ld/ihi/lot/dait@21_4043/xm1,https://w3id.org/italia/env/ld/ihi/authkind/attuat/dait@21_4043/xm1,,
https://w3id.org/italia/env/ld/ihi/intervention/dpc@19_1088/xm,https://w3id.org/italia/env/ld/ihi/authkind/prop/dpc@19_1088/xm,,
https://w3id.org/italia/env/ld/ihi/intervention/dait@23_1696/xm,https://w3id.org/italia/env/ld/ihi/authkind/autbac/dait@23_1696/xm,,
https://w3id.org/italia/env/ld/ihi/lot/dait@19_0815/xm1,https://w3id.org/italia/env/ld/ihi/authkind/attuat/dait@19_0815/xm1,,
https://w3id.org/italia/env/ld/ihi/lot/dait@21_0409/xm1,https://w3id.org/italia/env/ld/ihi/authkind/attuat/dait@21_0409/xm1,,
https://w3id.org/italia/env/ld/ihi/intervention/dait@21_2303/xm,https://w3id.org/italia/env/ld/ihi/authkind/autbac/dait@21_2303/xm,,
https://w3id.org/italia/env/ld/ihi/intervention/dait@23_0173/xm,https://w3id.org/italia/env/ld/ihi/authkind/prop/dait@23_0173/xm,,
https://w3id.org/italia/env/ld/ihi/lot/cb026a/101,https://w3id.org/italia/env/ld/ihi/authkind/esec/cb026a/101,https://w3id.org/italia/env/ld/ihi/economicindicator/cb026a/101_5,
https://w3id.org/italia/env/ld/ihi/intervention/dpc@19_4128/xm,https://w3id.org/italia/env/ld/ihi/authkind/autbac/dpc@19_4128/xm,,
https://w3id.org/italia/env/ld/ihi/intervention/20ir178/g1,https://w3id.org/italia/env/ld/ihi/authkind/autbac/20ir178/g1,,
https://w3id.org/italia/env/ld/ihi/lot/dpc@19_1750/xm1,https://w3id.org/italia/env/ld/ihi/authkind/attuat/dpc@19_1750/xm1,,
https://w3id.org/italia/env/ld/ihi/intervention/dpc@22_6731/xm,https://w3id.org/italia/env/ld/ihi/authkind/autbac/dpc@22_6731/xm,,
https://w3id.org/italia/env/ld/ihi/intervention/dait@23_1369/xm,https://w3id.org/italia/env/ld/ihi/authkind/prop/dait@23_1369/xm,,
https://w3id.org/italia/env/ld/ihi/intervention/dpc@19_5082/xm,https://w3id.org/italia/env/ld/ihi/authkind/autbac/dpc@19_5082/xm,,
https://w3id.org/italia/env/ld/ihi/lot/dait@21_3382/xm1,https://w3id.org/italia/env/ld/ihi/authkind/attuat/dait@21_3382/xm1,,
https://w3id.org/italia/env/ld/ihi/lot/dait@19_0601/xm1,https://w3id.org/italia/env/ld/ihi/authkind/attuat/dait@19_0601/xm1,,
https://w3id.org/italia/env/ld/ihi/lot/dait@21_3601/xm1,https://w3id.org/italia/env/ld/ihi/authkind/attuat/dait@21_3601/xm1,,
https://w3id.org/italia/env/ld/ihi/intervention/dait@21_1752/xm,https://w3id.org/italia/env/ld/ihi/authkind/prop/dait@21_1752/xm,,
https://w3id.org/italia/env/ld/ihi/intervention/dait@21_6854/xm,https://w3id.org/italia/env/ld/ihi/authkind/prop/dait@21_6854/xm,,
https://w3id.org/italia/env/ld/ihi/lot/dait@21_2020/xm1,https://w3id.org/italia/env/ld/ihi/authkind/attuat/dait@21_2020/xm1,,
https://w3id.org/italia/env/ld/ihi/intervention/dpc@20_6110/xm,https://w3id.org/italia/env/ld/ihi/authkind/autbac/dpc@20_6110/xm,,
https://w3id.org/italia/env/ld/ihi/intervention/ci013a/10,https://w3id.org/italia/env/ld/ihi/authkind/prop/ci013a/10,,
https://w3id.org/italia/env/ld/ihi/intervention/dait@21_4415/xm,https://w3id.org/italia/env/ld/ihi/authkind/prop/dait@21_4415/xm,,
https://w3id.org/italia/env/ld/ihi/intervention/11ir260/g1,https://w3id.org/italia/env/ld/ihi/authkind/prop/11ir260/g1,,
https://w3id.org/italia/env/ld/ihi/intervention/298/02,https://w3id.org/italia/env/ld/ihi/authkind/prop/298/02,,
https://w3id.org/italia/env/ld/ihi/intervention/01ir012/g3,https://w3id.org/italia/env/ld/ihi/authkind/autbac/01ir012/g3,,
https://w3id.org/italia/env/ld/ihi/intervention/dpc@19_2773/xm,https://w3id.org/italia/env/ld/ihi/authkind/autbac/dpc@19_2773/xm,,
https://w3id.org/italia/env/ld/ihi/intervention/dait@23_1919/xm,https://w3id.org/italia/env/ld/ihi/authkind/autbac/dait@23_1919/xm,,
https://w3id.org/italia/env/ld/ihi/lot/085/081,https://w3id.org/italia/env/ld/ihi/authkind/attuat/085/081,,
https://w3id.org/italia/env/ld/ihi/intervention/dait@21_0401/xm,https://w3id.org/italia/env/ld/ihi/authkind/autbac/dait@21_0401/xm,,
https://w3id.org/italia/env/ld/ihi/intervention/dpc@19_1987/xm,https://w3id.org/italia/env/ld/ihi/authkind/prop/dpc@19_1987/xm,,
https://w3id.org/italia/env/ld/ihi/intervention/dait@23_0652/xm,https://w3id.org/italia/env/ld/ihi/authkind/autbac/dait@23_0652/xm,,Frana
https://w3id.org/italia/env/ld/ihi/lot/dpc@19_1451/xm1,https://w3id.org/italia/env/ld/ihi/authkind/attuat/dpc@19_1451/xm1,,
https://w3id.org/italia/env/ld/ihi/intervention/228/09,https://w3id.org/italia/env/ld/ihi/authkind/autbac/228/09,,
https://w3id.org/italia/env/ld/ihi/lot/dait@21_6934/xm1,https://w3id.org/italia/env/ld/ihi/authkind/attuat/dait@21_6934/xm1,,
https://w3id.org/italia/env/ld/ihi/intervention/dpc@19_4147/xm,https://w3id.org/italia/env/ld/ihi/authkind/prop/dpc@19_4147/xm,,
https://w3id.org/italia/env/ld/ihi/intervention/063/09,https://w3id.org/italia/env/ld/ihi/authkind/prop/063/09,,
https://w3id.org/italia/env/ld/ihi/lot/dait@21_3507/xm1,https://w3id.org/italia/env/ld/ihi/authkind/attuat/dait@21_3507/xm1,,
https://w3id.org/italia/env/ld/ihi/intervention/dait@19_0064/xm,https://w3id.org/italia/env/ld/ihi/authkind/autbac/dait@19_0064/xm,,
https://w3id.org/italia/env/ld/ihi/intervention/dait@21_1590/xm,https://w3id.org/italia/env/ld/ihi/authkind/autbac/dait@21_1590/xm,,
https://w3id.org/italia/env/ld/ihi/intervention/dait@21_5702/xm,https://w3id.org/italia/env/ld/ihi/authkind/prop/dait@21_5702/xm,,
https://w3id.org/italia/env/ld/ihi/intervention/dait@23_1595/xm,https://w3id.org/italia/env/ld/ihi/authkind/autbac/dait@23_1595/xm,,
https://w3id.org/italia/env/ld/ihi/intervention/17ir023/g1,https://w3id.org/italia/env/ld/ihi/authkind/prop/17ir023/g1,,
https://w3id.org/italia/env/ld/ihi/lot/dpc@19_2618/xm1,https://w3id.org/italia/env/ld/ihi/authkind/attuat/dpc@19_2618/xm1,,
https://w3id.org/italia/env/ld/ihi/intervention/dpc@19_3587/xm,https://w3id.org/italia/env/ld/ihi/authkind/autbac/dpc@19_3587/xm,,
https://w3id.org/italia/env/ld/ihi/lot/cn147a/101,https://w3id.org/italia/env/ld/ihi/authkind/attuat/cn147a/101,,
https://w3id.org/italia/env/ld/ihi/intervention/dait@23_1647/xm,https://w3id.org/italia/env/ld/ihi/authkind/prop/dait@23_1647/xm,,
https://w3id.org/italia/env/ld/ihi/intervention/dpc@19_1053/xm,https://w3id.org/italia/env/ld/ihi/authkind/autbac/dpc@19_1053/xm,,
https://w3id.org/italia/env/ld/ihi/lot/dait@21_0511/xm1,https://w3id.org/italia/env/ld/ihi/authkind/attuat/dait@21_0511/xm1,,
https://w3id.org/italia/env/ld/ihi/lot/dait@19_0345/xm1,https://w3id.org/italia/env/ld/ihi/authkind/attuat/dait@19_0345/xm1,,
https://w3id.org/italia/env/ld/ihi/intervention/dait@21_1046/xm,https://w3id.org/italia/env/ld/ihi/authkind/prop/dait@21_1046/xm,,
https://w3id.org/italia/env/ld/ihi/intervention/dpc@19_3600/xm,https://w3id.org/italia/env/ld/ihi/authkind/prop/dpc@19_3600/xm,,
https://w3id.org/italia/env/ld/ihi/intervention/502/06,https://w3id.org/italia/env/ld/ihi/authkind/autbac/502/06,,
https://w3id.org/italia/env/ld/ihi/intervention/dait@22_0635/xm,https://w3id.org/italia/env/ld/ihi/authkind/prop/dait@22_0635/xm,,
https://w3id.org/italia/env/ld/ihi/intervention/dait@23_0310/xm,https://w3id.org/italia/env/ld/ihi/authkind/autbac/dait@23_0310/xm,,
https://w3id.org/italia/env/ld/ihi/intervention/dait@19_0570/xm,https://w3id.org/italia/env/ld/ihi/authkind/autbac/dait@19_0570/xm,,
https://w3id.org/italia/env/ld/ihi/intervention/dpc@19_4536/xm,https://w3id.org/italia/env/ld/ihi/authkind/autbac/dpc@19_4536/xm,,
https://w3id.org/italia/env/ld/ihi/lot/dait@21_0588/xm1,https://w3id.org/italia/env/ld/ihi/authkind/attuat/dait@21_0588/xm1,,
https://w3id.org/italia/env/ld/ihi/intervention/21ir004/mt,https://w3id.org/italia/env/ld/ihi/authkind/autbac/21ir004/mt,,
https://w3id.org/italia/env/ld/ihi/intervention/dait@23_1250/xm,https://w3id.org/italia/env/ld/ihi/authkind/autbac/dait@23_1250/xm,,
https://w3id.org/italia/env/ld/ihi/lot/cs044a/101,https://w3id.org/italia/env/ld/ihi/authkind/attuat/cs044a/101,,
https://w3id.org/italia/env/ld/ihi/intervention/dpc@22_5458/xm,https://w3id.org/italia/env/ld/ihi/authkind/autbac/dpc@22_5458/xm,,
https://w3id.org/italia/env/ld/ihi/intervention/dpc@19_4266/xm,https://w3id.org/italia/env/ld/ihi/authkind/prop/dpc@19_4266/xm,,
https://w3id.org/italia/env/ld/ihi/intervention/dpc@19_2350/xm,https://w3id.org/italia/env/ld/ihi/authkind/prop/dpc@19_2350/xm,,
https://w3id.org/italia/env/ld/ihi/lot/dpc@19_3522/xm1,https://w3id.org/italia/env/ld/ihi/authkind/attuat/dpc@19_3522/xm1,,
https://w3id.org/italia/env/ld/ihi/lot/dait@23_1212/xm1,https://w3id.org/italia/env/ld/ihi/authkind/attuat/dait@23_1212/xm1,,
https://w3id.org/italia/env/ld/ihi/intervention/cn098a/10,https://w3id.org/italia/env/ld/ihi/authkind/prop/cn098a/10,,
https://w3id.org/italia/env/ld/ihi/intervention/dait@21_1323/xm,https://w3id.org/italia/env/ld/ihi/authkind/autbac/dait@21_1323/xm,,
