Subject,hasStep
https://w3id.org/italia/env/ld/ihi/lotstep/09ir707/g12-180,https://w3id.org/italia/env/ld/skos/ihi/steptype/180
https://w3id.org/italia/env/ld/ihi/lotstep/at066a/101-220,https://w3id.org/italia/env/ld/skos/ihi/steptype/220
https://w3id.org/italia/env/ld/ihi/lotstep/dpc@19_1390/xm1-172,https://w3id.org/italia/env/ld/skos/ihi/steptype/172
https://w3id.org/italia/env/ld/ihi/lotstep/dait@21_6021/xm1-142,https://w3id.org/italia/env/ld/skos/ihi/steptype/142
https://w3id.org/italia/env/ld/ihi/lotstep/dpc@19_1989/xm1-226,https://w3id.org/italia/env/ld/skos/ihi/steptype/226
https://w3id.org/italia/env/ld/ihi/lotstep/140/062-170,https://w3id.org/italia/env/ld/skos/ihi/steptype/170
https://w3id.org/italia/env/ld/ihi/lotstep/fg036a/101-150,https://w3id.org/italia/env/ld/skos/ihi/steptype/150
https://w3id.org/italia/env/ld/ihi/lotstep/249/061-180,https://w3id.org/italia/env/ld/skos/ihi/steptype/180
https://w3id.org/italia/env/ld/ihi/lotstep/pn016b/101-120,https://w3id.org/italia/env/ld/skos/ihi/steptype/120
https://w3id.org/italia/env/ld/ihi/lotstep/to170a/101-220,https://w3id.org/italia/env/ld/skos/ihi/steptype/220
https://w3id.org/italia/env/ld/ihi/lotstep/05ir016/g91-190,https://w3id.org/italia/env/ld/skos/ihi/steptype/190
https://w3id.org/italia/env/ld/ihi/lotstep/dait@21_4748/xm1-184,https://w3id.org/italia/env/ld/skos/ihi/steptype/184
https://w3id.org/italia/env/ld/ihi/lotstep/dait@21_1018/xm1-152,https://w3id.org/italia/env/ld/skos/ihi/steptype/152
https://w3id.org/italia/env/ld/ihi/lotstep/dpc@19_4789/xm1-217,https://w3id.org/italia/env/ld/skos/ihi/steptype/217
https://w3id.org/italia/env/ld/ihi/lotstep/ca006c/101-120,https://w3id.org/italia/env/ld/skos/ihi/steptype/120
https://w3id.org/italia/env/ld/ihi/lotstep/mo002b/107-170,https://w3id.org/italia/env/ld/skos/ihi/steptype/170
https://w3id.org/italia/env/ld/ihi/lotstep/dait@21_4630/xm1-172,https://w3id.org/italia/env/ld/skos/ihi/steptype/172
https://w3id.org/italia/env/ld/ihi/lotstep/dait@22_0978/xm1-82,https://w3id.org/italia/env/ld/skos/ihi/steptype/82
https://w3id.org/italia/env/ld/ihi/lotstep/dait@19_0065/xm1-184,https://w3id.org/italia/env/ld/skos/ihi/steptype/184
https://w3id.org/italia/env/ld/ihi/lotstep/421/021-190,https://w3id.org/italia/env/ld/skos/ihi/steptype/190
https://w3id.org/italia/env/ld/ihi/lotstep/ms040a/101-220,https://w3id.org/italia/env/ld/skos/ihi/steptype/220
https://w3id.org/italia/env/ld/ihi/lotstep/501/991-210,https://w3id.org/italia/env/ld/skos/ihi/steptype/210
https://w3id.org/italia/env/ld/ihi/lotstep/dpc@19_3834/xm1-184,https://w3id.org/italia/env/ld/skos/ihi/steptype/184
https://w3id.org/italia/env/ld/ihi/lotstep/mn100b/101-150,https://w3id.org/italia/env/ld/skos/ihi/steptype/150
https://w3id.org/italia/env/ld/ihi/lotstep/dpc@19_1720/xm1-152,https://w3id.org/italia/env/ld/skos/ihi/steptype/152
https://w3id.org/italia/env/ld/ihi/lotstep/pg007a/1010-210,https://w3id.org/italia/env/ld/skos/ihi/steptype/210
https://w3id.org/italia/env/ld/ihi/lotstep/dait@21_2122/xm1-184,https://w3id.org/italia/env/ld/skos/ihi/steptype/184
https://w3id.org/italia/env/ld/ihi/lotstep/dpc@19_0994/xm1-227,https://w3id.org/italia/env/ld/skos/ihi/steptype/227
https://w3id.org/italia/env/ld/ihi/lotstep/098/021-120,https://w3id.org/italia/env/ld/skos/ihi/steptype/120
https://w3id.org/italia/env/ld/ihi/lotstep/dpc@19_3120/xm1-229,https://w3id.org/italia/env/ld/skos/ihi/steptype/229
https://w3id.org/italia/env/ld/ihi/lotstep/18ir054/g11-223,https://w3id.org/italia/env/ld/skos/ihi/steptype/223
https://w3id.org/italia/env/ld/ihi/lotstep/me130a/101-228,https://w3id.org/italia/env/ld/skos/ihi/steptype/228
https://w3id.org/italia/env/ld/ihi/lotstep/dait@19_0502/xm1-226,https://w3id.org/italia/env/ld/skos/ihi/steptype/226
https://w3id.org/italia/env/ld/ihi/lotstep/056/991-210,https://w3id.org/italia/env/ld/skos/ihi/steptype/210
https://w3id.org/italia/env/ld/ihi/lotstep/dpc@19_1587/xm1-217,https://w3id.org/italia/env/ld/skos/ihi/steptype/217
https://w3id.org/italia/env/ld/ihi/lotstep/259/021-180,https://w3id.org/italia/env/ld/skos/ihi/steptype/180
https://w3id.org/italia/env/ld/ihi/lotstep/09ir012/if1-152,https://w3id.org/italia/env/ld/skos/ihi/steptype/152
https://w3id.org/italia/env/ld/ihi/lotstep/101/071-170,https://w3id.org/italia/env/ld/skos/ihi/steptype/170
https://w3id.org/italia/env/ld/ihi/lotstep/210/021-210,https://w3id.org/italia/env/ld/skos/ihi/steptype/210
https://w3id.org/italia/env/ld/ihi/lotstep/169/991-110,https://w3id.org/italia/env/ld/skos/ihi/steptype/110
https://w3id.org/italia/env/ld/ihi/lotstep/dait@21_3923/xm1-223,https://w3id.org/italia/env/ld/skos/ihi/steptype/223
https://w3id.org/italia/env/ld/ihi/lotstep/le080a/101-102,https://w3id.org/italia/env/ld/skos/ihi/steptype/102
https://w3id.org/italia/env/ld/ihi/lotstep/188/021-170,https://w3id.org/italia/env/ld/skos/ihi/steptype/170
https://w3id.org/italia/env/ld/ihi/lotstep/dait@21_2025/xm1-184,https://w3id.org/italia/env/ld/skos/ihi/steptype/184
https://w3id.org/italia/env/ld/ihi/lotstep/lu064a/101-180,https://w3id.org/italia/env/ld/skos/ihi/steptype/180
https://w3id.org/italia/env/ld/ihi/lotstep/dpc@19_0062/xm1-215,https://w3id.org/italia/env/ld/skos/ihi/steptype/215
https://w3id.org/italia/env/ld/ihi/lotstep/dait@21_1150/xm1-152,https://w3id.org/italia/env/ld/skos/ihi/steptype/152
https://w3id.org/italia/env/ld/ihi/lotstep/dait@21_5272/xm1-152,https://w3id.org/italia/env/ld/skos/ihi/steptype/152
https://w3id.org/italia/env/ld/ihi/lotstep/013/021-210,https://w3id.org/italia/env/ld/skos/ihi/steptype/210
https://w3id.org/italia/env/ld/ihi/lotstep/cb001a/101-220,https://w3id.org/italia/env/ld/skos/ihi/steptype/220
https://w3id.org/italia/env/ld/ihi/lotstep/dait@19_0636/xm1-226,https://w3id.org/italia/env/ld/skos/ihi/steptype/226
https://w3id.org/italia/env/ld/ihi/lotstep/dait@21_0339/xm1-172,https://w3id.org/italia/env/ld/skos/ihi/steptype/172
https://w3id.org/italia/env/ld/ihi/lotstep/dpc@19_1128/xm1-172,https://w3id.org/italia/env/ld/skos/ihi/steptype/172
https://w3id.org/italia/env/ld/ihi/lotstep/15ira17/g11-183,https://w3id.org/italia/env/ld/skos/ihi/steptype/183
https://w3id.org/italia/env/ld/ihi/lotstep/dait@19_0427/xm1-172,https://w3id.org/italia/env/ld/skos/ihi/steptype/172
https://w3id.org/italia/env/ld/ihi/lotstep/18ir750/g11-82,https://w3id.org/italia/env/ld/skos/ihi/steptype/82
https://w3id.org/italia/env/ld/ihi/lotstep/dpc@19_1418/xm1-226,https://w3id.org/italia/env/ld/skos/ihi/steptype/226
https://w3id.org/italia/env/ld/ihi/lotstep/dpc@19_1385/xm1-184,https://w3id.org/italia/env/ld/skos/ihi/steptype/184
https://w3id.org/italia/env/ld/ihi/lotstep/dait@21_4504/xm1-217,https://w3id.org/italia/env/ld/skos/ihi/steptype/217
https://w3id.org/italia/env/ld/ihi/lotstep/dpc@19_2305/xm1-215,https://w3id.org/italia/env/ld/skos/ihi/steptype/215
https://w3id.org/italia/env/ld/ihi/lotstep/252/091-140,https://w3id.org/italia/env/ld/skos/ihi/steptype/140
https://w3id.org/italia/env/ld/ihi/lotstep/146/062-190,https://w3id.org/italia/env/ld/skos/ihi/steptype/190
https://w3id.org/italia/env/ld/ihi/lotstep/maaf@19_0039/xm1-184,https://w3id.org/italia/env/ld/skos/ihi/steptype/184
https://w3id.org/italia/env/ld/ihi/lotstep/dait@21_6348/xm1-142,https://w3id.org/italia/env/ld/skos/ihi/steptype/142
https://w3id.org/italia/env/ld/ihi/lotstep/dait@21_0886/xm1-172,https://w3id.org/italia/env/ld/skos/ihi/steptype/172
https://w3id.org/italia/env/ld/ihi/lotstep/dait@19_0511/xm1-152,https://w3id.org/italia/env/ld/skos/ihi/steptype/152
https://w3id.org/italia/env/ld/ihi/lotstep/dait@21_5007/xm1-217,https://w3id.org/italia/env/ld/skos/ihi/steptype/217
https://w3id.org/italia/env/ld/ihi/lotstep/dait@21_4492/xm1-125,https://w3id.org/italia/env/ld/skos/ihi/steptype/125
https://w3id.org/italia/env/ld/ihi/lotstep/dait@21_6553/xm1-152,https://w3id.org/italia/env/ld/skos/ihi/steptype/152
https://w3id.org/italia/env/ld/ihi/lotstep/357/991-110,https://w3id.org/italia/env/ld/skos/ihi/steptype/110
https://w3id.org/italia/env/ld/ihi/lotstep/01ir648/g11-80,https://w3id.org/italia/env/ld/skos/ihi/steptype/80
https://w3id.org/italia/env/ld/ihi/lotstep/va152a/101-223,https://w3id.org/italia/env/ld/skos/ihi/steptype/223
https://w3id.org/italia/env/ld/ihi/lotstep/295/091-170,https://w3id.org/italia/env/ld/skos/ihi/steptype/170
https://w3id.org/italia/env/ld/ihi/lotstep/dait@21_0208/xm1-115,https://w3id.org/italia/env/ld/skos/ihi/steptype/115
https://w3id.org/italia/env/ld/ihi/lotstep/030/071-170,https://w3id.org/italia/env/ld/skos/ihi/steptype/170
https://w3id.org/italia/env/ld/ihi/lotstep/512/991-225,https://w3id.org/italia/env/ld/skos/ihi/steptype/225
https://w3id.org/italia/env/ld/ihi/lotstep/ba014a/101-175,https://w3id.org/italia/env/ld/skos/ihi/steptype/175
https://w3id.org/italia/env/ld/ihi/lotstep/358/081-130,https://w3id.org/italia/env/ld/skos/ihi/steptype/130
https://w3id.org/italia/env/ld/ihi/lotstep/dait@19_0325/xm1-152,https://w3id.org/italia/env/ld/skos/ihi/steptype/152
https://w3id.org/italia/env/ld/ihi/lotstep/dait@21_0539/xm1-223,https://w3id.org/italia/env/ld/skos/ihi/steptype/223
https://w3id.org/italia/env/ld/ihi/lotstep/18ir272/g11-115,https://w3id.org/italia/env/ld/skos/ihi/steptype/115
https://w3id.org/italia/env/ld/ihi/lotstep/ms036a/101-170,https://w3id.org/italia/env/ld/skos/ihi/steptype/170
https://w3id.org/italia/env/ld/ihi/lotstep/dait@21_4471/xm1-172,https://w3id.org/italia/env/ld/skos/ihi/steptype/172
https://w3id.org/italia/env/ld/ihi/lotstep/dpc@19_0273/xm1-152,https://w3id.org/italia/env/ld/skos/ihi/steptype/152
https://w3id.org/italia/env/ld/ihi/lotstep/fg078a/101-150,https://w3id.org/italia/env/ld/skos/ihi/steptype/150
https://w3id.org/italia/env/ld/ihi/lotstep/va157a/101-110,https://w3id.org/italia/env/ld/skos/ihi/steptype/110
https://w3id.org/italia/env/ld/ihi/lotstep/vb211a/101-220,https://w3id.org/italia/env/ld/skos/ihi/steptype/220
https://w3id.org/italia/env/ld/ihi/lotstep/bo052a/103-190,https://w3id.org/italia/env/ld/skos/ihi/steptype/190
https://w3id.org/italia/env/ld/ihi/lotstep/dait@21_4898/xm1-172,https://w3id.org/italia/env/ld/skos/ihi/steptype/172
https://w3id.org/italia/env/ld/ihi/lotstep/ct037b/101-80,https://w3id.org/italia/env/ld/skos/ihi/steptype/80
https://w3id.org/italia/env/ld/ihi/lotstep/dpc@19_4695/xm1-132,https://w3id.org/italia/env/ld/skos/ihi/steptype/132
https://w3id.org/italia/env/ld/ihi/lotstep/296/071-120,https://w3id.org/italia/env/ld/skos/ihi/steptype/120
https://w3id.org/italia/env/ld/ihi/lotstep/dait@21_3847/xm1-152,https://w3id.org/italia/env/ld/skos/ihi/steptype/152
https://w3id.org/italia/env/ld/ihi/lotstep/dpc@19_3041/xm1-172,https://w3id.org/italia/env/ld/skos/ihi/steptype/172
https://w3id.org/italia/env/ld/ihi/lotstep/dpc@19_3955/xm1-227,https://w3id.org/italia/env/ld/skos/ihi/steptype/227
https://w3id.org/italia/env/ld/ihi/lotstep/373/061-210,https://w3id.org/italia/env/ld/skos/ihi/steptype/210
https://w3id.org/italia/env/ld/ihi/lotstep/119/994-220,https://w3id.org/italia/env/ld/skos/ihi/steptype/220
https://w3id.org/italia/env/ld/ihi/lotstep/mc081b/101-180,https://w3id.org/italia/env/ld/skos/ihi/steptype/180
