Subject,value
https://w3id.org/italia/env/ld/ihi/economicindicator/201/081_4,"300000,00"
https://w3id.org/italia/env/ld/ihi/economicindicator/fc063b/101_3,"500000,00"
https://w3id.org/italia/env/ld/ihi/economicindicator/dpc@19_0642/xm1_1,"354699,24"
https://w3id.org/italia/env/ld/ihi/economicindicator/mo002b/108_4,"115000,00"
https://w3id.org/italia/env/ld/ihi/economicindicator/dpc@19_4413/xm1_3,"0,00"
https://w3id.org/italia/env/ld/ihi/economicindicator/056/064_1,"302749,72"
https://w3id.org/italia/env/ld/ihi/economicindicator/109/081_12,"32786,21"
https://w3id.org/italia/env/ld/ihi/economicindicator/dpc@19_4014/xm1_1,"45000,00"
https://w3id.org/italia/env/ld/ihi/economicindicator/322/991_4,"1629937,97"
https://w3id.org/italia/env/ld/ihi/economicindicator/ve026a/101_16,"16,91"
https://w3id.org/italia/env/ld/ihi/economicindicator/dait@21_0054/xm1_1,"300000,00"
https://w3id.org/italia/env/ld/ihi/economicindicator/dait@19_0180/xm1_1,"970048,00"
https://w3id.org/italia/env/ld/ihi/economicindicator/pz098a/101_3,"180000,00"
https://w3id.org/italia/env/ld/ihi/economicindicator/dait@22_1005/xm1_1,"880000,00"
https://w3id.org/italia/env/ld/ihi/economicindicator/dait@21_3221/xm1_3,"0,00"
https://w3id.org/italia/env/ld/ihi/economicindicator/dait@21_7282/xm1_1,"70000,00"
https://w3id.org/italia/env/ld/ihi/economicindicator/09ir200/g11_10,"8056,02"
https://w3id.org/italia/env/ld/ihi/economicindicator/19ir899/g11_21,"28326,92"
https://w3id.org/italia/env/ld/ihi/economicindicator/515/991_13,"14014,00"
https://w3id.org/italia/env/ld/ihi/economicindicator/vt066b/101_3,"69739,16"
https://w3id.org/italia/env/ld/ihi/economicindicator/327/083_14,"552,97"
https://w3id.org/italia/env/ld/ihi/economicindicator/dait@19_0857/xm1_3,"0,00"
https://w3id.org/italia/env/ld/ihi/economicindicator/11ir209/g11_17,"2030642,75"
https://w3id.org/italia/env/ld/ihi/economicindicator/382/991_19,"7850,14"
https://w3id.org/italia/env/ld/ihi/economicindicator/133/063_1,"840000,00"
https://w3id.org/italia/env/ld/ihi/economicindicator/13ir896/g11_1,"800000,00"
https://w3id.org/italia/env/ld/ihi/economicindicator/127/021_13,"1200,00"
https://w3id.org/italia/env/ld/ihi/economicindicator/bt027a/101_3,"5000000,00"
https://w3id.org/italia/env/ld/ihi/economicindicator/dait@21_5499/xm1_1,"147000,00"
https://w3id.org/italia/env/ld/ihi/economicindicator/006/061_3,"800000,00"
https://w3id.org/italia/env/ld/ihi/economicindicator/249/081_17,"398893,13"
https://w3id.org/italia/env/ld/ihi/economicindicator/dpc@21_6040/xm1_1,"300000,00"
https://w3id.org/italia/env/ld/ihi/economicindicator/03ir001/g91_4,"2600000,00"
https://w3id.org/italia/env/ld/ihi/economicindicator/dait@23_1891/xm1_3,"0,00"
https://w3id.org/italia/env/ld/ihi/economicindicator/10ir136/g11_23,"9917,14"
https://w3id.org/italia/env/ld/ihi/economicindicator/dait@21_2461/xm1_3,"0,00"
https://w3id.org/italia/env/ld/ihi/economicindicator/17ir133/g11_1,"767193,33"
https://w3id.org/italia/env/ld/ihi/economicindicator/01ira47/g16_16,"8,10"
https://w3id.org/italia/env/ld/ihi/economicindicator/758/991_5,"250000,00"
https://w3id.org/italia/env/ld/ihi/economicindicator/dait@23_0348/xm1_1,"180000,00"
https://w3id.org/italia/env/ld/ihi/economicindicator/014/023_1,"62500,00"
https://w3id.org/italia/env/ld/ihi/economicindicator/20ir082/g11_16,"26,67"
https://w3id.org/italia/env/ld/ihi/economicindicator/dpc@22_5701/xm1_3,"0,00"
https://w3id.org/italia/env/ld/ihi/economicindicator/so172c/102_5,"679137,44"
https://w3id.org/italia/env/ld/ihi/economicindicator/dait@21_4216/xm1_1,"995000,00"
https://w3id.org/italia/env/ld/ihi/economicindicator/vc231a/101_20,"175,00"
https://w3id.org/italia/env/ld/ihi/economicindicator/007/022_5,"1430000,00"
https://w3id.org/italia/env/ld/ihi/economicindicator/dpc@19_3973/xm1_1,"200000,00"
https://w3id.org/italia/env/ld/ihi/economicindicator/dait@21_6134/xm1_1,"490000,00"
https://w3id.org/italia/env/ld/ihi/economicindicator/dait@21_0981/xm1_3,"0,00"
https://w3id.org/italia/env/ld/ihi/economicindicator/359/991_3,"154937,00"
https://w3id.org/italia/env/ld/ihi/economicindicator/dait@21_3420/xm1_1,"300000,00"
https://w3id.org/italia/env/ld/ihi/economicindicator/pg007a/1055_22,"4196,44"
https://w3id.org/italia/env/ld/ihi/economicindicator/dait@23_1213/xm1_1,"50000,00"
https://w3id.org/italia/env/ld/ihi/economicindicator/ct034a/101_24,"2945,37"
https://w3id.org/italia/env/ld/ihi/economicindicator/co047a/101_1,"400000,00"
https://w3id.org/italia/env/ld/ihi/economicindicator/dait@21_0248/xm1_1,"950000,00"
https://w3id.org/italia/env/ld/ihi/economicindicator/dait@21_2878/xm1_3,"0,00"
https://w3id.org/italia/env/ld/ihi/economicindicator/152/072_25,"418,35"
https://w3id.org/italia/env/ld/ihi/economicindicator/mb079b/101_16,"28,38"
https://w3id.org/italia/env/ld/ihi/economicindicator/dpc@19_2607/xm1_3,"0,00"
https://w3id.org/italia/env/ld/ihi/economicindicator/014/082_16,"11,31"
https://w3id.org/italia/env/ld/ihi/economicindicator/dpc@20_5777/xm1_1,"590000,00"
https://w3id.org/italia/env/ld/ihi/economicindicator/dait@21_3531/xm1_3,"0,00"
https://w3id.org/italia/env/ld/ihi/economicindicator/263/061_9,"28488,00"
https://w3id.org/italia/env/ld/ihi/economicindicator/042/081_20,"61072,00"
https://w3id.org/italia/env/ld/ihi/economicindicator/380/991_1,"516456,89"
https://w3id.org/italia/env/ld/ihi/economicindicator/dpc@19_1855/xm1_3,"0,00"
https://w3id.org/italia/env/ld/ihi/economicindicator/dait@21_5578/xm1_3,"0,00"
https://w3id.org/italia/env/ld/ihi/economicindicator/at040a/101_1,"200000,00"
https://w3id.org/italia/env/ld/ihi/economicindicator/fc065b/101_10,"13657,16"
https://w3id.org/italia/env/ld/ihi/economicindicator/210/071_3,"0,00"
https://w3id.org/italia/env/ld/ihi/economicindicator/dpc@22_6571/xm1_3,"0,00"
https://w3id.org/italia/env/ld/ihi/economicindicator/258/021_10,"9007,01"
https://w3id.org/italia/env/ld/ihi/economicindicator/rc024a/101_24,"3105,42"
https://w3id.org/italia/env/ld/ihi/economicindicator/068/021_13,"9693,67"
https://w3id.org/italia/env/ld/ihi/economicindicator/dpc@19_3112/xm1_1,"100000,00"
https://w3id.org/italia/env/ld/ihi/economicindicator/08ir202/g11_1,"1200000,00"
https://w3id.org/italia/env/ld/ihi/economicindicator/dait@21_5185/xm1_3,"0,00"
https://w3id.org/italia/env/ld/ihi/economicindicator/dait@21_6851/xm1_3,"0,00"
https://w3id.org/italia/env/ld/ihi/economicindicator/dait@21_5797/xm1_1,"296685,80"
https://w3id.org/italia/env/ld/ihi/economicindicator/510/021_18,"110336,07"
https://w3id.org/italia/env/ld/ihi/economicindicator/dait@19_0836/xm1_3,"0,00"
https://w3id.org/italia/env/ld/ihi/economicindicator/dait@21_2883/xm1_3,"0,00"
https://w3id.org/italia/env/ld/ihi/economicindicator/dait@21_1863/xm1_3,"0,00"
https://w3id.org/italia/env/ld/ihi/economicindicator/dait@21_5994/xm1_1,"129000,00"
https://w3id.org/italia/env/ld/ihi/economicindicator/dpc@22_6333/xm1_1,"250000,00"
https://w3id.org/italia/env/ld/ihi/economicindicator/dpc@19_4568/xm1_3,"0,00"
https://w3id.org/italia/env/ld/ihi/economicindicator/fe082a/107_22,"1500,00"
https://w3id.org/italia/env/ld/ihi/economicindicator/dait@23_0161/xm1_3,"0,00"
https://w3id.org/italia/env/ld/ihi/economicindicator/05ir019/g91_21,"30680,00"
https://w3id.org/italia/env/ld/ihi/economicindicator/an008a/101_22,"0,00"
https://w3id.org/italia/env/ld/ihi/economicindicator/256/071_5,"2147845,95"
https://w3id.org/italia/env/ld/ihi/economicindicator/cb003a/101_5,"152717,46"
https://w3id.org/italia/env/ld/ihi/economicindicator/me081a/101_24,"1177,64"
https://w3id.org/italia/env/ld/ihi/economicindicator/196/021_6,"11233,38"
https://w3id.org/italia/env/ld/ihi/economicindicator/cs004a/101_26,"30660,76"
https://w3id.org/italia/env/ld/ihi/economicindicator/dait@23_1124/xm1_1,"850000,00"
https://w3id.org/italia/env/ld/ihi/economicindicator/al002a/101_4,"300000,00"
https://w3id.org/italia/env/ld/ihi/economicindicator/279/081_6,"95805,78"
