Subject,Publisher
https://w3id.org/italia/env/ld/ihi/intervention/16ir347/g1,https://w3id.org/italia/env/ld/organization/dip_2
https://w3id.org/italia/env/ld/ihi/intervention/dait@21_5195/xm,https://w3id.org/italia/env/ld/organization/dip_2
https://w3id.org/italia/env/ld/ihi/intervention/379/99,https://w3id.org/italia/env/ld/organization/dip_2
https://w3id.org/italia/env/ld/ihi/intervention/dait@23_1145/xm,https://w3id.org/italia/env/ld/organization/dip_2
https://w3id.org/italia/env/ld/ihi/intervention/dait@21_1488/xm,https://w3id.org/italia/env/ld/organization/dip_2
https://w3id.org/italia/env/ld/ihi/intervention/dpc@19_1967/xm,https://w3id.org/italia/env/ld/organization/dip_2
https://w3id.org/italia/env/ld/ihi/intervention/dait@21_6236/xm,https://w3id.org/italia/env/ld/organization/dip_2
https://w3id.org/italia/env/ld/ihi/intervention/dait@21_5244/xm,https://w3id.org/italia/env/ld/organization/dip_2
https://w3id.org/italia/env/ld/ihi/intervention/dait@21_6154/xm,https://w3id.org/italia/env/ld/organization/dip_2
https://w3id.org/italia/env/ld/ihi/intervention/dpc@19_3463/xm,https://w3id.org/italia/env/ld/organization/dip_2
https://w3id.org/italia/env/ld/ihi/intervention/20ir177/g1,https://w3id.org/italia/env/ld/organization/dip_2
https://w3id.org/italia/env/ld/ihi/intervention/203/07,https://w3id.org/italia/env/ld/organization/dip_2
https://w3id.org/italia/env/ld/ihi/intervention/dait@21_1847/xm,https://w3id.org/italia/env/ld/organization/dip_2
https://w3id.org/italia/env/ld/ihi/intervention/dpc@19_2995/xm,https://w3id.org/italia/env/ld/organization/dip_2
https://w3id.org/italia/env/ld/ihi/intervention/dait@21_3440/xm,https://w3id.org/italia/env/ld/organization/dip_2
https://w3id.org/italia/env/ld/ihi/intervention/dait@21_3298/xm,https://w3id.org/italia/env/ld/organization/dip_2
https://w3id.org/italia/env/ld/ihi/intervention/09ir018/ci,https://w3id.org/italia/env/ld/organization/dip_2
https://w3id.org/italia/env/ld/ihi/intervention/dait@23_1456/xm,https://w3id.org/italia/env/ld/organization/dip_2
https://w3id.org/italia/env/ld/ihi/intervention/dpc@21_6196/xm,https://w3id.org/italia/env/ld/organization/dip_2
https://w3id.org/italia/env/ld/ihi/intervention/03ir468/g1,https://w3id.org/italia/env/ld/organization/dip_2
https://w3id.org/italia/env/ld/ihi/intervention/09ir766/g1,https://w3id.org/italia/env/ld/organization/dip_2
https://w3id.org/italia/env/ld/ihi/intervention/dpc@19_2542/xm,https://w3id.org/italia/env/ld/organization/dip_2
