Subject,type
https://w3id.org/italia/env/ld/ihi/agreement/dait@21_3684/xm,http://purl.org/procurement/public-contracts#FrameworkAgreement
https://w3id.org/italia/env/ld/ihi/businessentity/023089,http://purl.org/goodrelations/v1#BusinessEntity
https://w3id.org/italia/env/ld/ihi/authkind/autbac/dait@23_1123/xm,https://w3id.org/italia/env/onto/core#AuthorityKind
https://w3id.org/italia/env/ld/ihi/agreement/bs021a/10,http://purl.org/procurement/public-contracts#FrameworkAgreement
https://w3id.org/italia/env/ld/ihi/authkind/attuat/dpc@19_4521/xm1,https://w3id.org/italia/env/onto/core#AuthorityKind
https://w3id.org/italia/env/ld/ihi/lotstep/dait@21_1044/xm1-215,https://w3id.org/italia/env/onto/core#LotStep
https://w3id.org/italia/env/ld/ihi/economicindicator/090/071_3,https://w3id.org/italia/env/onto/core#EconomicIndicator
https://w3id.org/italia/env/ld/ihi/agreement/dait@21_4975/xm,http://purl.org/procurement/public-contracts#FrameworkAgreement
https://w3id.org/italia/env/ld/ihi/lotstep/dait@21_3893/xm1-226,https://w3id.org/italia/env/onto/core#LotStep
https://w3id.org/italia/env/ld/ihi/intervention/dait@21_7398/xm,https://w3id.org/italia/env/onto/core#Intervention
https://w3id.org/italia/env/ld/ihi/lotstep/374/081-180,https://w3id.org/italia/env/onto/core#LotStep
https://w3id.org/italia/env/ld/ihi/economicindicator/131/084_3,https://w3id.org/italia/env/onto/core#EconomicIndicator
https://w3id.org/italia/env/ld/ihi/authkind/attuat/264/022,https://w3id.org/italia/env/onto/core#AuthorityKind
https://w3id.org/italia/env/ld/ihi/economicindicator/483/991_6,https://w3id.org/italia/env/onto/core#EconomicIndicator
https://w3id.org/italia/env/ld/ihi/authkind/autbac/dpc@21_6526/xm,https://w3id.org/italia/env/onto/core#AuthorityKind
https://w3id.org/italia/env/ld/ihi/economicindicator/dpc@21_5811/xm1_3,https://w3id.org/italia/env/onto/core#EconomicIndicator
https://w3id.org/italia/env/ld/ihi/economicindicator/dpc@19_1927/xm1_3,https://w3id.org/italia/env/onto/core#EconomicIndicator
https://w3id.org/italia/env/ld/ihi/intervention/dpc@19_0479/xm,https://w3id.org/italia/env/onto/core#Intervention
https://w3id.org/italia/env/ld/ihi/lotstep/200/081-170,https://w3id.org/italia/env/onto/core#LotStep
https://w3id.org/italia/env/ld/ihi/economicindicator/03ir383/g11_5,https://w3id.org/italia/env/onto/core#EconomicIndicator
https://w3id.org/italia/env/ld/ihi/authkind/attuat/dpc@19_4988/xm1,https://w3id.org/italia/env/onto/core#AuthorityKind
https://w3id.org/italia/env/ld/ihi/economicindicator/253/091_17,https://w3id.org/italia/env/onto/core#EconomicIndicator
https://w3id.org/italia/env/ld/ihi/authkind/autbac/dait@21_2860/xm,https://w3id.org/italia/env/onto/core#AuthorityKind
https://w3id.org/italia/env/ld/ihi/authkind/prop/03ir469/g1,https://w3id.org/italia/env/onto/core#AuthorityKind
https://w3id.org/italia/env/ld/ihi/authkind/autbac/vv006a/10,https://w3id.org/italia/env/onto/core#AuthorityKind
https://w3id.org/italia/env/ld/ihi/authkind/autbac/dait@19_0062/xm,https://w3id.org/italia/env/onto/core#AuthorityKind
https://w3id.org/italia/env/ld/ihi/economicindicator/14ir344/g11_10,https://w3id.org/italia/env/onto/core#EconomicIndicator
https://w3id.org/italia/env/ld/ihi/lotstep/tv021a/101-220,https://w3id.org/italia/env/onto/core#LotStep
https://w3id.org/italia/env/ld/ihi/authkind/autbac/dpc@19_4408/xm,https://w3id.org/italia/env/onto/core#AuthorityKind
https://w3id.org/italia/env/ld/ihi/authkind/autbac/dait@21_0838/xm,https://w3id.org/italia/env/onto/core#AuthorityKind
https://w3id.org/italia/env/ld/ihi/economicindicator/201/061_12,https://w3id.org/italia/env/onto/core#EconomicIndicator
https://w3id.org/italia/env/ld/ihi/lotstep/dpc@19_1013/xm1-226,https://w3id.org/italia/env/onto/core#LotStep
https://w3id.org/italia/env/ld/ihi/economicindicator/304/061_12,https://w3id.org/italia/env/onto/core#EconomicIndicator
https://w3id.org/italia/env/ld/ihi/economicindicator/le080a/101_14,https://w3id.org/italia/env/onto/core#EconomicIndicator
https://w3id.org/italia/env/ld/ihi/intervention/298/99,https://w3id.org/italia/env/onto/core#Intervention
https://w3id.org/italia/env/ld/ihi/lotstep/11ir296/g11-190,https://w3id.org/italia/env/onto/core#LotStep
https://w3id.org/italia/env/ld/ihi/lot/dpc@19_0985/xm1,https://w3id.org/italia/env/onto/core#Contract
https://w3id.org/italia/env/ld/ihi/economicindicator/dait@19_0303/xm1_3,https://w3id.org/italia/env/onto/core#EconomicIndicator
https://w3id.org/italia/env/ld/ihi/authkind/attuat/dait@21_1258/xm1,https://w3id.org/italia/env/onto/core#AuthorityKind
https://w3id.org/italia/env/ld/ihi/authkind/prop/590/99,https://w3id.org/italia/env/onto/core#AuthorityKind
https://w3id.org/italia/env/ld/ihi/lot/dpc@19_2919/xm1,https://w3id.org/italia/env/onto/core#Contract
https://w3id.org/italia/env/ld/ihi/economicindicator/177/061_3,https://w3id.org/italia/env/onto/core#EconomicIndicator
https://w3id.org/italia/env/ld/ihi/lot/032/981,https://w3id.org/italia/env/onto/core#Contract
https://w3id.org/italia/env/ld/ihi/economicindicator/rm056a/101_14,https://w3id.org/italia/env/onto/core#EconomicIndicator
https://w3id.org/italia/env/ld/ihi/economicindicator/dait@21_0960/xm1_3,https://w3id.org/italia/env/onto/core#EconomicIndicator
https://w3id.org/italia/env/ld/ihi/authkind/attuat/dait@21_3503/xm1,https://w3id.org/italia/env/onto/core#AuthorityKind
https://w3id.org/italia/env/ld/ihi/economicindicator/dait@21_3973/xm1_3,https://w3id.org/italia/env/onto/core#EconomicIndicator
https://w3id.org/italia/env/ld/ihi/authkind/attuat/703/991,https://w3id.org/italia/env/onto/core#AuthorityKind
https://w3id.org/italia/env/ld/ihi/authkind/prop/dait@21_6444/xm,https://w3id.org/italia/env/onto/core#AuthorityKind
https://w3id.org/italia/env/ld/ihi/lot/dait@21_3018/xm1,https://w3id.org/italia/env/onto/core#Contract
https://w3id.org/italia/env/ld/ihi/lotstep/dpc@19_4415/xm1-152,https://w3id.org/italia/env/onto/core#LotStep
https://w3id.org/italia/env/ld/ihi/agreement/dpc@22_5920/xm,http://purl.org/procurement/public-contracts#FrameworkAgreement
https://w3id.org/italia/env/ld/ihi/lotstep/dait@21_2200/xm1-184,https://w3id.org/italia/env/onto/core#LotStep
https://w3id.org/italia/env/ld/ihi/lotstep/dait@21_4652/xm1-184,https://w3id.org/italia/env/onto/core#LotStep
https://w3id.org/italia/env/ld/ihi/authkind/attuat/dait@21_5902/xm1,https://w3id.org/italia/env/onto/core#AuthorityKind
https://w3id.org/italia/env/ld/ihi/economicindicator/08ir003/g31_16,https://w3id.org/italia/env/onto/core#EconomicIndicator
https://w3id.org/italia/env/ld/ihi/authkind/autbac/dpc@19_3851/xm,https://w3id.org/italia/env/onto/core#AuthorityKind
https://w3id.org/italia/env/ld/ihi/authkind/attuat/dait@21_0648/xm1,https://w3id.org/italia/env/onto/core#AuthorityKind
https://w3id.org/italia/env/ld/ihi/agreement/dait@21_4508/xm,http://purl.org/procurement/public-contracts#FrameworkAgreement
https://w3id.org/italia/env/ld/ihi/lotstep/dait@21_3437/xm1-102,https://w3id.org/italia/env/onto/core#LotStep
https://w3id.org/italia/env/ld/ihi/lotstep/208/071-220,https://w3id.org/italia/env/onto/core#LotStep
https://w3id.org/italia/env/ld/ihi/authkind/autbac/dait@21_6355/xm,https://w3id.org/italia/env/onto/core#AuthorityKind
https://w3id.org/italia/env/ld/ihi/agreement/dait@21_5986/xm,http://purl.org/procurement/public-contracts#FrameworkAgreement
https://w3id.org/italia/env/ld/ihi/authkind/prop/dait@23_1749/xm,https://w3id.org/italia/env/onto/core#AuthorityKind
https://w3id.org/italia/env/ld/ihi/economicindicator/001/b21_1,https://w3id.org/italia/env/onto/core#EconomicIndicator
https://w3id.org/italia/env/ld/ihi/economicindicator/sa096a/101_4,https://w3id.org/italia/env/onto/core#EconomicIndicator
https://w3id.org/italia/env/ld/ihi/authkind/prop/mc081b/10,https://w3id.org/italia/env/onto/core#AuthorityKind
https://w3id.org/italia/env/ld/ihi/repair/145/071sf-23,https://w3id.org/italia/env/onto/core#Repair
https://w3id.org/italia/env/ld/ihi/lotstep/029/071-180,https://w3id.org/italia/env/onto/core#LotStep
https://w3id.org/italia/env/ld/ihi/economicindicator/ve036a/101_25,https://w3id.org/italia/env/onto/core#EconomicIndicator
https://w3id.org/italia/env/ld/ihi/lotstep/dait@22_0766/xm1-152,https://w3id.org/italia/env/onto/core#LotStep
https://w3id.org/italia/env/ld/ihi/economicindicator/21ir052/g14_20,https://w3id.org/italia/env/onto/core#EconomicIndicator
https://w3id.org/italia/env/ld/ihi/authkind/attuat/dait@21_2887/xm1,https://w3id.org/italia/env/onto/core#AuthorityKind
https://w3id.org/italia/env/ld/ihi/authkind/autbac/116/09,https://w3id.org/italia/env/onto/core#AuthorityKind
https://w3id.org/italia/env/ld/ihi/lotstep/dait@21_3892/xm1-226,https://w3id.org/italia/env/onto/core#LotStep
https://w3id.org/italia/env/ld/ihi/authkind/attuat/dpc@19_1738/xm1,https://w3id.org/italia/env/onto/core#AuthorityKind
https://w3id.org/italia/env/ld/ihi/intervention/me104b/10,https://w3id.org/italia/env/onto/core#Intervention
https://w3id.org/italia/env/ld/ihi/economicindicator/dait@21_2705/xm1_3,https://w3id.org/italia/env/onto/core#EconomicIndicator
https://w3id.org/italia/env/ld/ihi/authkind/esec/pd048a/101,https://w3id.org/italia/env/onto/core#AuthorityKind
https://w3id.org/italia/env/ld/ihi/economicindicator/253/091_7,https://w3id.org/italia/env/onto/core#EconomicIndicator
https://w3id.org/italia/env/ld/ihi/instability/so135a/101di-4,https://w3id.org/italia/env/onto/core#Instability
https://w3id.org/italia/env/ld/ihi/agreement/dait@21_5583/xm,http://purl.org/procurement/public-contracts#FrameworkAgreement
https://w3id.org/italia/env/ld/ihi/authkind/autbac/10ir002/mt,https://w3id.org/italia/env/onto/core#AuthorityKind
https://w3id.org/italia/env/ld/ihi/intervention/228/99,https://w3id.org/italia/env/onto/core#Intervention
https://w3id.org/italia/env/ld/ihi/instability/16ir405/g11di-2,https://w3id.org/italia/env/onto/core#Instability
https://w3id.org/italia/env/ld/ihi/lot/cn125a/101,https://w3id.org/italia/env/onto/core#Contract
https://w3id.org/italia/env/ld/ihi/economicindicator/dait@22_0639/xm1_3,https://w3id.org/italia/env/onto/core#EconomicIndicator
https://w3id.org/italia/env/ld/ihi/lot/dait@21_5349/xm1,https://w3id.org/italia/env/onto/core#Contract
https://w3id.org/italia/env/ld/ihi/lotstep/dpc@19_0655/xm1-217,https://w3id.org/italia/env/onto/core#LotStep
https://w3id.org/italia/env/ld/ihi/authkind/autbac/dpc@19_0255/xm,https://w3id.org/italia/env/onto/core#AuthorityKind
https://w3id.org/italia/env/ld/ihi/economicindicator/pc001a/1027_25,https://w3id.org/italia/env/onto/core#EconomicIndicator
https://w3id.org/italia/env/ld/ihi/agreement/dait@21_7308/xm,http://purl.org/procurement/public-contracts#FrameworkAgreement
https://w3id.org/italia/env/ld/ihi/economicindicator/031/081_4,https://w3id.org/italia/env/onto/core#EconomicIndicator
https://w3id.org/italia/env/ld/ihi/authkind/attuat/me212b/101,https://w3id.org/italia/env/onto/core#AuthorityKind
https://w3id.org/italia/env/ld/ihi/agreement/dait@21_4107/xm,http://purl.org/procurement/public-contracts#FrameworkAgreement
https://w3id.org/italia/env/ld/ihi/lotstep/065/991-120,https://w3id.org/italia/env/onto/core#LotStep
https://w3id.org/italia/env/ld/ihi/economicindicator/bl053c/101_3,https://w3id.org/italia/env/onto/core#EconomicIndicator
https://w3id.org/italia/env/ld/ihi/lotstep/110/091-180,https://w3id.org/italia/env/onto/core#LotStep
https://w3id.org/italia/env/ld/ihi/repair/227/091sf-26,https://w3id.org/italia/env/onto/core#Repair
https://w3id.org/italia/env/ld/ihi/economicindicator/327/085_4,https://w3id.org/italia/env/onto/core#EconomicIndicator
https://w3id.org/italia/env/ld/ihi/economicindicator/fg004a/101_13,https://w3id.org/italia/env/onto/core#EconomicIndicator
https://w3id.org/italia/env/ld/ihi/lotstep/dait@21_4598/xm1-172,https://w3id.org/italia/env/onto/core#LotStep
https://w3id.org/italia/env/ld/ihi/authkind/prop/635/99,https://w3id.org/italia/env/onto/core#AuthorityKind
https://w3id.org/italia/env/ld/ihi/authkind/attuat/339/991,https://w3id.org/italia/env/onto/core#AuthorityKind
https://w3id.org/italia/env/ld/ihi/lotstep/132/061-150,https://w3id.org/italia/env/onto/core#LotStep
https://w3id.org/italia/env/ld/ihi/authkind/autbac/al028a/10,https://w3id.org/italia/env/onto/core#AuthorityKind
https://w3id.org/italia/env/ld/ihi/intervention/dait@19_0370/xm,https://w3id.org/italia/env/onto/core#Intervention
https://w3id.org/italia/env/ld/ihi/businessentity/066033,http://purl.org/goodrelations/v1#BusinessEntity
https://w3id.org/italia/env/ld/ihi/economicindicator/pz007a/101_1,https://w3id.org/italia/env/onto/core#EconomicIndicator
https://w3id.org/italia/env/ld/ihi/economicindicator/pu090a/101_1,https://w3id.org/italia/env/onto/core#EconomicIndicator
https://w3id.org/italia/env/ld/ihi/agreement/dait@21_3525/xm,http://purl.org/procurement/public-contracts#FrameworkAgreement
https://w3id.org/italia/env/ld/ihi/intervention/maaf@22_0113/xm,https://w3id.org/italia/env/onto/core#Intervention
https://w3id.org/italia/env/ld/ihi/lotstep/08ir032/g11-175,https://w3id.org/italia/env/onto/core#LotStep
https://w3id.org/italia/env/ld/ihi/authkind/attuat/dait@21_4902/xm1,https://w3id.org/italia/env/onto/core#AuthorityKind
https://w3id.org/italia/env/ld/ihi/intervention/dait@21_3149/xm,https://w3id.org/italia/env/onto/core#Intervention
https://w3id.org/italia/env/ld/ihi/economicindicator/pg007a/1024_9,https://w3id.org/italia/env/onto/core#EconomicIndicator
https://w3id.org/italia/env/ld/ihi/lotstep/fr053a/101-142,https://w3id.org/italia/env/onto/core#LotStep
https://w3id.org/italia/env/ld/ihi/lotstep/078/091-190,https://w3id.org/italia/env/onto/core#LotStep
https://w3id.org/italia/env/ld/ihi/lotstep/368/098-225,https://w3id.org/italia/env/onto/core#LotStep
https://w3id.org/italia/env/ld/ihi/intervention/101/98,https://w3id.org/italia/env/onto/core#Intervention
https://w3id.org/italia/env/ld/ihi/agreement/138/07,http://purl.org/procurement/public-contracts#FrameworkAgreement
https://w3id.org/italia/env/ld/ihi/lotstep/dpc@19_1370/xm1-215,https://w3id.org/italia/env/onto/core#LotStep
https://w3id.org/italia/env/ld/ihi/economicindicator/cz132b/101_12,https://w3id.org/italia/env/onto/core#EconomicIndicator
https://w3id.org/italia/env/ld/ihi/authkind/autbac/dait@21_1312/xm,https://w3id.org/italia/env/onto/core#AuthorityKind
https://w3id.org/italia/env/ld/ihi/agreement/dait@21_1704/xm,http://purl.org/procurement/public-contracts#FrameworkAgreement
https://w3id.org/italia/env/ld/ihi/lithology/140/021lf-5,https://w3id.org/italia/env/onto/core#Lithology
https://w3id.org/italia/env/ld/ihi/economicindicator/dpc@19_2508/xm1_1,https://w3id.org/italia/env/onto/core#EconomicIndicator
https://w3id.org/italia/env/ld/ihi/lotstep/dait@21_5977/xm1-184,https://w3id.org/italia/env/onto/core#LotStep
https://w3id.org/italia/env/ld/ihi/authkind/attuat/317/091,https://w3id.org/italia/env/onto/core#AuthorityKind
https://w3id.org/italia/env/ld/ihi/authkind/attuat/19irb26/g11,https://w3id.org/italia/env/onto/core#AuthorityKind
https://w3id.org/italia/env/ld/ihi/authkind/autbac/dpc@22_6687/xm,https://w3id.org/italia/env/onto/core#AuthorityKind
https://w3id.org/italia/env/ld/ihi/economicindicator/495/021_11,https://w3id.org/italia/env/onto/core#EconomicIndicator
https://w3id.org/italia/env/ld/ihi/lotstep/119/996-150,https://w3id.org/italia/env/onto/core#LotStep
https://w3id.org/italia/env/ld/ihi/intervention/dpc@19_3944/xm,https://w3id.org/italia/env/onto/core#Intervention
https://w3id.org/italia/env/ld/ihi/lot/dpc@19_3502/xm1,https://w3id.org/italia/env/onto/core#Contract
https://w3id.org/italia/env/ld/ihi/economicindicator/dpc@19_5105/xm1_3,https://w3id.org/italia/env/onto/core#EconomicIndicator
https://w3id.org/italia/env/ld/ihi/intervention/205/08,https://w3id.org/italia/env/onto/core#Intervention
https://w3id.org/italia/env/ld/ihi/authkind/prop/pc093r/10,https://w3id.org/italia/env/onto/core#AuthorityKind
https://w3id.org/italia/env/ld/ihi/authkind/prop/dait@21_7159/xm,https://w3id.org/italia/env/onto/core#AuthorityKind
https://w3id.org/italia/env/ld/ihi/authkind/prop/fc072b/10,https://w3id.org/italia/env/onto/core#AuthorityKind
https://w3id.org/italia/env/ld/ihi/lotstep/dpc@19_1263/xm1-152,https://w3id.org/italia/env/onto/core#LotStep
https://w3id.org/italia/env/ld/ihi/authkind/attuat/dpc@19_2988/xm1,https://w3id.org/italia/env/onto/core#AuthorityKind
https://w3id.org/italia/env/ld/ihi/authkind/autbac/16ir525/g1,https://w3id.org/italia/env/onto/core#AuthorityKind
https://w3id.org/italia/env/ld/ihi/lotstep/dait@21_4459/xm1-172,https://w3id.org/italia/env/onto/core#LotStep
https://w3id.org/italia/env/ld/ihi/lotstep/dait@21_5173/xm1-115,https://w3id.org/italia/env/onto/core#LotStep
https://w3id.org/italia/env/ld/ihi/authkind/autbac/dait@23_0541/xm,https://w3id.org/italia/env/onto/core#AuthorityKind
https://w3id.org/italia/env/ld/ihi/economicindicator/dait@21_5360/xm1_1,https://w3id.org/italia/env/onto/core#EconomicIndicator
https://w3id.org/italia/env/ld/ihi/lotstep/19ir110/g11-175,https://w3id.org/italia/env/onto/core#LotStep
https://w3id.org/italia/env/ld/ihi/lotstep/01ira51/g13-182,https://w3id.org/italia/env/onto/core#LotStep
https://w3id.org/italia/env/ld/ihi/economicindicator/dait@23_0277/xm1_1,https://w3id.org/italia/env/onto/core#EconomicIndicator
https://w3id.org/italia/env/ld/ihi/authkind/prop/dpc@19_4789/xm,https://w3id.org/italia/env/onto/core#AuthorityKind
https://w3id.org/italia/env/ld/ihi/authkind/autbac/dait@21_6241/xm,https://w3id.org/italia/env/onto/core#AuthorityKind
https://w3id.org/italia/env/ld/ihi/authkind/autbac/dait@21_2481/xm,https://w3id.org/italia/env/onto/core#AuthorityKind
https://w3id.org/italia/env/ld/ihi/lot/dait@21_6786/xm1,https://w3id.org/italia/env/onto/core#Contract
https://w3id.org/italia/env/ld/ihi/repair/fm021a/101si-42,https://w3id.org/italia/env/onto/core#Repair
https://w3id.org/italia/env/ld/ihi/intervention/dpc@19_4141/xm,https://w3id.org/italia/env/onto/core#Intervention
https://w3id.org/italia/env/ld/ihi/lithology/ag009b/101lf-1,https://w3id.org/italia/env/onto/core#Lithology
https://w3id.org/italia/env/ld/ihi/agreement/dpc@19_4046/xm,http://purl.org/procurement/public-contracts#FrameworkAgreement
https://w3id.org/italia/env/ld/ihi/authkind/attuat/dait@21_0154/xm1,https://w3id.org/italia/env/onto/core#AuthorityKind
https://w3id.org/italia/env/ld/ihi/economicindicator/043/081_1,https://w3id.org/italia/env/onto/core#EconomicIndicator
https://w3id.org/italia/env/ld/ihi/lot/me066a/102,https://w3id.org/italia/env/onto/core#Contract
https://w3id.org/italia/env/ld/ihi/economicindicator/to196a/101_11,https://w3id.org/italia/env/onto/core#EconomicIndicator
https://w3id.org/italia/env/ld/ihi/economicindicator/03ir471/g11_6,https://w3id.org/italia/env/onto/core#EconomicIndicator
https://w3id.org/italia/env/ld/ihi/lithology/788/991lf-16,https://w3id.org/italia/env/onto/core#Lithology
https://w3id.org/italia/env/ld/ihi/agreement/270/02,http://purl.org/procurement/public-contracts#FrameworkAgreement
https://w3id.org/italia/env/ld/ihi/repair/183/021sf-33,https://w3id.org/italia/env/onto/core#Repair
https://w3id.org/italia/env/ld/ihi/authkind/autbac/pn016b/10,https://w3id.org/italia/env/onto/core#AuthorityKind
https://w3id.org/italia/env/ld/ihi/lotstep/439/061-180,https://w3id.org/italia/env/onto/core#LotStep
https://w3id.org/italia/env/ld/ihi/lotstep/510/992-190,https://w3id.org/italia/env/onto/core#LotStep
https://w3id.org/italia/env/ld/ihi/economicindicator/178/081_22,https://w3id.org/italia/env/onto/core#EconomicIndicator
https://w3id.org/italia/env/ld/ihi/lotstep/dait@21_3632/xm1-184,https://w3id.org/italia/env/onto/core#LotStep
https://w3id.org/italia/env/ld/ihi/economicindicator/054/981_3,https://w3id.org/italia/env/onto/core#EconomicIndicator
https://w3id.org/italia/env/ld/ihi/authkind/attuat/dpc@19_0569/xm1,https://w3id.org/italia/env/onto/core#AuthorityKind
https://w3id.org/italia/env/ld/ihi/agreement/dait@21_3313/xm,http://purl.org/procurement/public-contracts#FrameworkAgreement
https://w3id.org/italia/env/ld/ihi/economicindicator/ag007a/101_1,https://w3id.org/italia/env/onto/core#EconomicIndicator
https://w3id.org/italia/env/ld/ihi/lotstep/147/021-210,https://w3id.org/italia/env/onto/core#LotStep
https://w3id.org/italia/env/ld/ihi/economicindicator/012/021_1,https://w3id.org/italia/env/onto/core#EconomicIndicator
https://w3id.org/italia/env/ld/ihi/economicindicator/107/071_4,https://w3id.org/italia/env/onto/core#EconomicIndicator
https://w3id.org/italia/env/ld/ihi/economicindicator/sa084c/101_8,https://w3id.org/italia/env/onto/core#EconomicIndicator
https://w3id.org/italia/env/ld/ihi/economicindicator/dpc@19_4164/xm1_1,https://w3id.org/italia/env/onto/core#EconomicIndicator
https://w3id.org/italia/env/ld/ihi/agreement/19ire51/g1,http://purl.org/procurement/public-contracts#FrameworkAgreement
https://w3id.org/italia/env/ld/ihi/authkind/esec/08ir357/g11,https://w3id.org/italia/env/onto/core#AuthorityKind
https://w3id.org/italia/env/ld/ihi/authkind/prop/dait@21_4628/xm,https://w3id.org/italia/env/onto/core#AuthorityKind
https://w3id.org/italia/env/ld/ihi/authkind/autbac/dait@23_0217/xm,https://w3id.org/italia/env/onto/core#AuthorityKind
https://w3id.org/italia/env/ld/ihi/intervention/09ir213/g1,https://w3id.org/italia/env/onto/core#Intervention
https://w3id.org/italia/env/ld/ihi/lotstep/dpc@19_3243/xm1-152,https://w3id.org/italia/env/onto/core#LotStep
https://w3id.org/italia/env/ld/ihi/lotstep/dait@21_2634/xm1-152,https://w3id.org/italia/env/onto/core#LotStep
https://w3id.org/italia/env/ld/ihi/economicindicator/007/022_3,https://w3id.org/italia/env/onto/core#EconomicIndicator
https://w3id.org/italia/env/ld/ihi/agreement/dait@21_2091/xm,http://purl.org/procurement/public-contracts#FrameworkAgreement
https://w3id.org/italia/env/ld/ihi/lot/at061a/101,https://w3id.org/italia/env/onto/core#Contract
https://w3id.org/italia/env/ld/ihi/businessentity/cb064,http://purl.org/goodrelations/v1#BusinessEntity
https://w3id.org/italia/env/ld/ihi/intervention/en044a/10,https://w3id.org/italia/env/onto/core#Intervention
https://w3id.org/italia/env/ld/ihi/agreement/dpc@21_6470/xm,http://purl.org/procurement/public-contracts#FrameworkAgreement
https://w3id.org/italia/env/ld/ihi/economicindicator/dait@21_2095/xm1_3,https://w3id.org/italia/env/onto/core#EconomicIndicator
https://w3id.org/italia/env/ld/ihi/economicindicator/te014a/101_1,https://w3id.org/italia/env/onto/core#EconomicIndicator
https://w3id.org/italia/env/ld/ihi/economicindicator/dait@23_0827/xm1_3,https://w3id.org/italia/env/onto/core#EconomicIndicator
https://w3id.org/italia/env/ld/ihi/lotstep/to188a/101-175,https://w3id.org/italia/env/onto/core#LotStep
https://w3id.org/italia/env/ld/ihi/lot/dpc@19_0979/xm1,https://w3id.org/italia/env/onto/core#Contract
https://w3id.org/italia/env/ld/ihi/lotstep/dpc@19_3098/xm1-227,https://w3id.org/italia/env/onto/core#LotStep
https://w3id.org/italia/env/ld/ihi/economicindicator/01ira45/g15_3,https://w3id.org/italia/env/onto/core#EconomicIndicator
https://w3id.org/italia/env/ld/ihi/lotstep/014/029-100,https://w3id.org/italia/env/onto/core#LotStep
https://w3id.org/italia/env/ld/ihi/economicindicator/17ir192/g11_8,https://w3id.org/italia/env/onto/core#EconomicIndicator
https://w3id.org/italia/env/ld/ihi/authkind/attuat/dpc@19_0006/xm1,https://w3id.org/italia/env/onto/core#AuthorityKind
https://w3id.org/italia/env/ld/ihi/authkind/autbac/dait@23_1688/xm,https://w3id.org/italia/env/onto/core#AuthorityKind
https://w3id.org/italia/env/ld/ihi/lotstep/dpc@19_2032/xm1-152,https://w3id.org/italia/env/onto/core#LotStep
https://w3id.org/italia/env/ld/ihi/economicindicator/05ir010/g91_5,https://w3id.org/italia/env/onto/core#EconomicIndicator
https://w3id.org/italia/env/ld/ihi/repair/06ir187/g11si-4,https://w3id.org/italia/env/onto/core#Repair
https://w3id.org/italia/env/ld/ihi/economicindicator/dait@21_5858/xm1_3,https://w3id.org/italia/env/onto/core#EconomicIndicator
https://w3id.org/italia/env/ld/ihi/intervention/dait@21_6785/xm,https://w3id.org/italia/env/onto/core#Intervention
https://w3id.org/italia/env/ld/ihi/lotstep/dait@21_3639/xm1-217,https://w3id.org/italia/env/onto/core#LotStep
https://w3id.org/italia/env/ld/ihi/authkind/prop/dait@21_6897/xm,https://w3id.org/italia/env/onto/core#AuthorityKind
https://w3id.org/italia/env/ld/ihi/agreement/dpc@19_0048/xm,http://purl.org/procurement/public-contracts#FrameworkAgreement
https://w3id.org/italia/env/ld/ihi/agreement/dpc@21_6769/xm,http://purl.org/procurement/public-contracts#FrameworkAgreement
https://w3id.org/italia/env/ld/ihi/intervention/194/06,https://w3id.org/italia/env/onto/core#Intervention
https://w3id.org/italia/env/ld/ihi/economicindicator/dpc@19_3367/xm1_3,https://w3id.org/italia/env/onto/core#EconomicIndicator
https://w3id.org/italia/env/ld/ihi/authkind/prop/18ir652/g1,https://w3id.org/italia/env/onto/core#AuthorityKind
https://w3id.org/italia/env/ld/ihi/economicindicator/mo002b/102_23,https://w3id.org/italia/env/onto/core#EconomicIndicator
https://w3id.org/italia/env/ld/ihi/economicindicator/kr126b/101_16,https://w3id.org/italia/env/onto/core#EconomicIndicator
https://w3id.org/italia/env/ld/ihi/lotstep/056/091-210,https://w3id.org/italia/env/onto/core#LotStep
https://w3id.org/italia/env/ld/ihi/economicindicator/513/991_13,https://w3id.org/italia/env/onto/core#EconomicIndicator
https://w3id.org/italia/env/ld/ihi/lotstep/is071a/101-190,https://w3id.org/italia/env/onto/core#LotStep
https://w3id.org/italia/env/ld/ihi/authkind/attuat/dait@22_0701/xm1,https://w3id.org/italia/env/onto/core#AuthorityKind
https://w3id.org/italia/env/ld/ihi/economicindicator/dait@23_1470/xm1_1,https://w3id.org/italia/env/onto/core#EconomicIndicator
https://w3id.org/italia/env/ld/ihi/lotstep/08ir224/g11-150,https://w3id.org/italia/env/onto/core#LotStep
https://w3id.org/italia/env/ld/ihi/intervention/dait@21_3269/xm,https://w3id.org/italia/env/onto/core#Intervention
https://w3id.org/italia/env/ld/ihi/lotstep/237/991-220,https://w3id.org/italia/env/onto/core#LotStep
https://w3id.org/italia/env/ld/ihi/agreement/dpc@19_0203/xm,http://purl.org/procurement/public-contracts#FrameworkAgreement
https://w3id.org/italia/env/ld/ihi/lotstep/121/071-210,https://w3id.org/italia/env/onto/core#LotStep
https://w3id.org/italia/env/ld/ihi/agreement/maaf@20_0089/xm,http://purl.org/procurement/public-contracts#FrameworkAgreement
https://w3id.org/italia/env/ld/ihi/economicindicator/og004c/102_5,https://w3id.org/italia/env/onto/core#EconomicIndicator
https://w3id.org/italia/env/ld/ihi/repair/139/061sv-2,https://w3id.org/italia/env/onto/core#Repair
https://w3id.org/italia/env/ld/ihi/repair/276/991si-24,https://w3id.org/italia/env/onto/core#Repair
https://w3id.org/italia/env/ld/ihi/authkind/autbac/dait@21_6179/xm,https://w3id.org/italia/env/onto/core#AuthorityKind
https://w3id.org/italia/env/ld/ihi/lot/dait@23_1312/xm1,https://w3id.org/italia/env/onto/core#Contract
https://w3id.org/italia/env/ld/ihi/economicindicator/dait@19_0867/xm1_3,https://w3id.org/italia/env/onto/core#EconomicIndicator
https://w3id.org/italia/env/ld/ihi/lotstep/al032a/101-220,https://w3id.org/italia/env/onto/core#LotStep
https://w3id.org/italia/env/ld/ihi/economicindicator/po017a/101_1,https://w3id.org/italia/env/onto/core#EconomicIndicator
https://w3id.org/italia/env/ld/ihi/authkind/prop/dait@21_7476/xm,https://w3id.org/italia/env/onto/core#AuthorityKind
https://w3id.org/italia/env/ld/ihi/agreement/dait@21_5341/xm,http://purl.org/procurement/public-contracts#FrameworkAgreement
https://w3id.org/italia/env/ld/ihi/lotstep/289/066-120,https://w3id.org/italia/env/onto/core#LotStep
https://w3id.org/italia/env/ld/ihi/economicindicator/dpc@20_6431/xm1_3,https://w3id.org/italia/env/onto/core#EconomicIndicator
https://w3id.org/italia/env/ld/ihi/authkind/autbac/dpc@19_2783/xm,https://w3id.org/italia/env/onto/core#AuthorityKind
https://w3id.org/italia/env/ld/ihi/intervention/dait@21_4359/xm,https://w3id.org/italia/env/onto/core#Intervention
https://w3id.org/italia/env/ld/ihi/economicindicator/dait@21_3641/xm1_3,https://w3id.org/italia/env/onto/core#EconomicIndicator
https://w3id.org/italia/env/ld/ihi/economicindicator/dait@21_2300/xm1_3,https://w3id.org/italia/env/onto/core#EconomicIndicator
https://w3id.org/italia/env/ld/ihi/economicindicator/488/061_6,https://w3id.org/italia/env/onto/core#EconomicIndicator
https://w3id.org/italia/env/ld/ihi/authkind/attuat/dpc@19_2681/xm1,https://w3id.org/italia/env/onto/core#AuthorityKind
https://w3id.org/italia/env/ld/ihi/economicindicator/098/071_1,https://w3id.org/italia/env/onto/core#EconomicIndicator
https://w3id.org/italia/env/ld/ihi/economicindicator/dait@21_3105/xm1_3,https://w3id.org/italia/env/onto/core#EconomicIndicator
https://w3id.org/italia/env/ld/ihi/lotstep/dait@19_0085/xm1-132,https://w3id.org/italia/env/onto/core#LotStep
https://w3id.org/italia/env/ld/ihi/authkind/prop/dait@23_1249/xm,https://w3id.org/italia/env/onto/core#AuthorityKind
https://w3id.org/italia/env/ld/ihi/lot/dait@21_4777/xm1,https://w3id.org/italia/env/onto/core#Contract
https://w3id.org/italia/env/ld/ihi/lot/dait@23_1309/xm1,https://w3id.org/italia/env/onto/core#Contract
https://w3id.org/italia/env/ld/ihi/economicindicator/dpc@20_5743/xm1_1,https://w3id.org/italia/env/onto/core#EconomicIndicator
https://w3id.org/italia/env/ld/ihi/economicindicator/05ir018/g41_6,https://w3id.org/italia/env/onto/core#EconomicIndicator
https://w3id.org/italia/env/ld/ihi/lotstep/163/061-220,https://w3id.org/italia/env/onto/core#LotStep
https://w3id.org/italia/env/ld/ihi/authkind/attuat/dpc@19_0823/xm1,https://w3id.org/italia/env/onto/core#AuthorityKind
https://w3id.org/italia/env/ld/ihi/economicindicator/519/091_4,https://w3id.org/italia/env/onto/core#EconomicIndicator
https://w3id.org/italia/env/ld/ihi/authkind/attuat/vv072a/101,https://w3id.org/italia/env/onto/core#AuthorityKind
https://w3id.org/italia/env/ld/ihi/authkind/prop/dait@21_4570/xm,https://w3id.org/italia/env/onto/core#AuthorityKind
https://w3id.org/italia/env/ld/ihi/authkind/prop/dpc@19_1985/xm,https://w3id.org/italia/env/onto/core#AuthorityKind
https://w3id.org/italia/env/ld/ihi/authkind/autbac/dpc@19_1151/xm,https://w3id.org/italia/env/onto/core#AuthorityKind
https://w3id.org/italia/env/ld/ihi/lotstep/dait@21_5418/xm1-142,https://w3id.org/italia/env/onto/core#LotStep
https://w3id.org/italia/env/ld/ihi/economicindicator/dait@21_6032/xm1_3,https://w3id.org/italia/env/onto/core#EconomicIndicator
https://w3id.org/italia/env/ld/ihi/authkind/prop/dait@21_1841/xm,https://w3id.org/italia/env/onto/core#AuthorityKind
https://w3id.org/italia/env/ld/ihi/authkind/attuat/dait@19_0339/xm1,https://w3id.org/italia/env/onto/core#AuthorityKind
https://w3id.org/italia/env/ld/ihi/lotstep/dpc@19_0007/xm1-229,https://w3id.org/italia/env/onto/core#LotStep
https://w3id.org/italia/env/ld/ihi/economicindicator/cn093a/101_19,https://w3id.org/italia/env/onto/core#EconomicIndicator
https://w3id.org/italia/env/ld/ihi/intervention/20ir015/g1,https://w3id.org/italia/env/onto/core#Intervention
https://w3id.org/italia/env/ld/ihi/economicindicator/03ir455/g11_23,https://w3id.org/italia/env/onto/core#EconomicIndicator
https://w3id.org/italia/env/ld/ihi/economicindicator/152/072_5,https://w3id.org/italia/env/onto/core#EconomicIndicator
https://w3id.org/italia/env/ld/ihi/economicindicator/579/991_6,https://w3id.org/italia/env/onto/core#EconomicIndicator
https://w3id.org/italia/env/ld/ihi/intervention/dpc@19_0094/xm,https://w3id.org/italia/env/onto/core#Intervention
https://w3id.org/italia/env/ld/ihi/lotstep/03ir523/g11-142,https://w3id.org/italia/env/onto/core#LotStep
https://w3id.org/italia/env/ld/ihi/economicindicator/dait@19_0575/xm1_3,https://w3id.org/italia/env/onto/core#EconomicIndicator
https://w3id.org/italia/env/ld/ihi/lotstep/334/091-190,https://w3id.org/italia/env/onto/core#LotStep
https://w3id.org/italia/env/ld/ihi/economicindicator/323/081_3,https://w3id.org/italia/env/onto/core#EconomicIndicator
https://w3id.org/italia/env/ld/ihi/economicindicator/718/991_3,https://w3id.org/italia/env/onto/core#EconomicIndicator
https://w3id.org/italia/env/ld/ihi/lotstep/245/021-130,https://w3id.org/italia/env/onto/core#LotStep
https://w3id.org/italia/env/ld/ihi/economicindicator/06ir065/g11_20,https://w3id.org/italia/env/onto/core#EconomicIndicator
https://w3id.org/italia/env/ld/ihi/economicindicator/ar005a/103_6,https://w3id.org/italia/env/onto/core#EconomicIndicator
https://w3id.org/italia/env/ld/ihi/economicindicator/dait@22_0691/xm1_3,https://w3id.org/italia/env/onto/core#EconomicIndicator
https://w3id.org/italia/env/ld/ihi/lotstep/485/091-150,https://w3id.org/italia/env/onto/core#LotStep
https://w3id.org/italia/env/ld/ihi/agreement/09ir029/ci,http://purl.org/procurement/public-contracts#FrameworkAgreement
https://w3id.org/italia/env/ld/ihi/economicindicator/dpc@19_0690/xm1_3,https://w3id.org/italia/env/onto/core#EconomicIndicator
https://w3id.org/italia/env/ld/ihi/lotstep/367/081-110,https://w3id.org/italia/env/onto/core#LotStep
https://w3id.org/italia/env/ld/ihi/lotstep/dait@21_6355/xm1-215,https://w3id.org/italia/env/onto/core#LotStep
https://w3id.org/italia/env/ld/ihi/lotstep/150/091-180,https://w3id.org/italia/env/onto/core#LotStep
https://w3id.org/italia/env/ld/ihi/authkind/prop/dpc@22_6308/xm,https://w3id.org/italia/env/onto/core#AuthorityKind
https://w3id.org/italia/env/ld/ihi/lotstep/499/091-190,https://w3id.org/italia/env/onto/core#LotStep
https://w3id.org/italia/env/ld/ihi/authkind/prop/dait@22_0529/xm,https://w3id.org/italia/env/onto/core#AuthorityKind
https://w3id.org/italia/env/ld/ihi/authkind/autbac/maaf@22_0018/xm,https://w3id.org/italia/env/onto/core#AuthorityKind
https://w3id.org/italia/env/ld/ihi/lotstep/an008a/101-170,https://w3id.org/italia/env/onto/core#LotStep
https://w3id.org/italia/env/ld/ihi/economicindicator/dait@23_0535/xm1_1,https://w3id.org/italia/env/onto/core#EconomicIndicator
https://w3id.org/italia/env/ld/ihi/economicindicator/ms036a/101_5,https://w3id.org/italia/env/onto/core#EconomicIndicator
https://w3id.org/italia/env/ld/ihi/economicindicator/01ira40/g17_6,https://w3id.org/italia/env/onto/core#EconomicIndicator
https://w3id.org/italia/env/ld/ihi/economicindicator/01ira44/g117_12,https://w3id.org/italia/env/onto/core#EconomicIndicator
https://w3id.org/italia/env/ld/ihi/authkind/attuat/dait@21_6929/xm1,https://w3id.org/italia/env/onto/core#AuthorityKind
https://w3id.org/italia/env/ld/ihi/lotstep/dait@21_3130/xm1-132,https://w3id.org/italia/env/onto/core#LotStep
https://w3id.org/italia/env/ld/ihi/lotstep/pz057b/101-180,https://w3id.org/italia/env/onto/core#LotStep
https://w3id.org/italia/env/ld/ihi/lot/dait@21_6737/xm1,https://w3id.org/italia/env/onto/core#Contract
https://w3id.org/italia/env/ld/ihi/authkind/autbac/dpc@19_5052/xm,https://w3id.org/italia/env/onto/core#AuthorityKind
https://w3id.org/italia/env/ld/ihi/authkind/esec/fe082a/1022,https://w3id.org/italia/env/onto/core#AuthorityKind
https://w3id.org/italia/env/ld/ihi/authkind/autbac/dait@21_4296/xm,https://w3id.org/italia/env/onto/core#AuthorityKind
https://w3id.org/italia/env/ld/ihi/authkind/attuat/dpc@19_0609/xm1,https://w3id.org/italia/env/onto/core#AuthorityKind
https://w3id.org/italia/env/ld/ihi/economicindicator/dpc@19_4641/xm1_1,https://w3id.org/italia/env/onto/core#EconomicIndicator
https://w3id.org/italia/env/ld/ihi/lotstep/047/095-220,https://w3id.org/italia/env/onto/core#LotStep
https://w3id.org/italia/env/ld/ihi/economicindicator/pn030c/101_14,https://w3id.org/italia/env/onto/core#EconomicIndicator
https://w3id.org/italia/env/ld/ihi/lotstep/dpc@19_1595/xm1-172,https://w3id.org/italia/env/onto/core#LotStep
https://w3id.org/italia/env/ld/ihi/authkind/autbac/070/02,https://w3id.org/italia/env/onto/core#AuthorityKind
https://w3id.org/italia/env/ld/ihi/economicindicator/343/021_16,https://w3id.org/italia/env/onto/core#EconomicIndicator
https://w3id.org/italia/env/ld/ihi/authkind/autbac/dait@21_1619/xm,https://w3id.org/italia/env/onto/core#AuthorityKind
https://w3id.org/italia/env/ld/ihi/lot/dait@21_0383/xm1,https://w3id.org/italia/env/onto/core#Contract
https://w3id.org/italia/env/ld/ihi/intervention/240/09,https://w3id.org/italia/env/onto/core#Intervention
https://w3id.org/italia/env/ld/ihi/lot/dpc@21_6250/xm1,https://w3id.org/italia/env/onto/core#Contract
https://w3id.org/italia/env/ld/ihi/authkind/autbac/165/02,https://w3id.org/italia/env/onto/core#AuthorityKind
https://w3id.org/italia/env/ld/ihi/agreement/dait@21_7212/xm,http://purl.org/procurement/public-contracts#FrameworkAgreement
https://w3id.org/italia/env/ld/ihi/intervention/dait@21_3714/xm,https://w3id.org/italia/env/onto/core#Intervention
https://w3id.org/italia/env/ld/ihi/authkind/autbac/dpc@19_0707/xm,https://w3id.org/italia/env/onto/core#AuthorityKind
https://w3id.org/italia/env/ld/ihi/authkind/autbac/239/06,https://w3id.org/italia/env/onto/core#AuthorityKind
https://w3id.org/italia/env/ld/ihi/authkind/prop/dait@21_1224/xm,https://w3id.org/italia/env/onto/core#AuthorityKind
https://w3id.org/italia/env/ld/ihi/businessentity/061044,http://purl.org/goodrelations/v1#BusinessEntity
https://w3id.org/italia/env/ld/ihi/economicindicator/cb013a/101_9,https://w3id.org/italia/env/onto/core#EconomicIndicator
https://w3id.org/italia/env/ld/ihi/economicindicator/453/991_3,https://w3id.org/italia/env/onto/core#EconomicIndicator
https://w3id.org/italia/env/ld/ihi/repair/19ir980/g11si-33,https://w3id.org/italia/env/onto/core#Repair
https://w3id.org/italia/env/ld/ihi/authkind/attuat/dait@21_2146/xm1,https://w3id.org/italia/env/onto/core#AuthorityKind
https://w3id.org/italia/env/ld/ihi/authkind/prop/dait@19_0284/xm,https://w3id.org/italia/env/onto/core#AuthorityKind
https://w3id.org/italia/env/ld/ihi/lotstep/140/091-220,https://w3id.org/italia/env/onto/core#LotStep
https://w3id.org/italia/env/ld/ihi/economicindicator/385/991_5,https://w3id.org/italia/env/onto/core#EconomicIndicator
https://w3id.org/italia/env/ld/ihi/economicindicator/pz025a/101_9,https://w3id.org/italia/env/onto/core#EconomicIndicator
https://w3id.org/italia/env/ld/ihi/economicindicator/553/991_9,https://w3id.org/italia/env/onto/core#EconomicIndicator
https://w3id.org/italia/env/ld/ihi/authkind/attuat/dait@21_5524/xm1,https://w3id.org/italia/env/onto/core#AuthorityKind
https://w3id.org/italia/env/ld/ihi/economicindicator/21ir052/g14_21,https://w3id.org/italia/env/onto/core#EconomicIndicator
https://w3id.org/italia/env/ld/ihi/economicindicator/bt012a/101_8,https://w3id.org/italia/env/onto/core#EconomicIndicator
https://w3id.org/italia/env/ld/ihi/economicindicator/vt051a/101_5,https://w3id.org/italia/env/onto/core#EconomicIndicator
https://w3id.org/italia/env/ld/ihi/lot/dait@21_2314/xm1,https://w3id.org/italia/env/onto/core#Contract
https://w3id.org/italia/env/ld/ihi/lotstep/034/071-190,https://w3id.org/italia/env/onto/core#LotStep
https://w3id.org/italia/env/ld/ihi/lotstep/dait@21_6352/xm1-102,https://w3id.org/italia/env/onto/core#LotStep
https://w3id.org/italia/env/ld/ihi/authkind/prop/dait@21_3352/xm,https://w3id.org/italia/env/onto/core#AuthorityKind
https://w3id.org/italia/env/ld/ihi/economicindicator/an005a/101_5,https://w3id.org/italia/env/onto/core#EconomicIndicator
https://w3id.org/italia/env/ld/ihi/authkind/prop/dait@21_4053/xm,https://w3id.org/italia/env/onto/core#AuthorityKind
https://w3id.org/italia/env/ld/ihi/economicindicator/087/991_5,https://w3id.org/italia/env/onto/core#EconomicIndicator
https://w3id.org/italia/env/ld/ihi/authkind/autbac/dpc@19_4130/xm,https://w3id.org/italia/env/onto/core#AuthorityKind
https://w3id.org/italia/env/ld/ihi/lotstep/01ira41/g12-182,https://w3id.org/italia/env/onto/core#LotStep
https://w3id.org/italia/env/ld/ihi/authkind/prop/dait@22_0161/xm,https://w3id.org/italia/env/onto/core#AuthorityKind
https://w3id.org/italia/env/ld/ihi/economicindicator/dait@21_3700/xm1_1,https://w3id.org/italia/env/onto/core#EconomicIndicator
https://w3id.org/italia/env/ld/ihi/economicindicator/318/991_5,https://w3id.org/italia/env/onto/core#EconomicIndicator
https://w3id.org/italia/env/ld/ihi/lotstep/139/092-140,https://w3id.org/italia/env/onto/core#LotStep
https://w3id.org/italia/env/ld/ihi/economicindicator/046/081_5,https://w3id.org/italia/env/onto/core#EconomicIndicator
https://w3id.org/italia/env/ld/ihi/authkind/attuat/dait@23_1596/xm1,https://w3id.org/italia/env/onto/core#AuthorityKind
https://w3id.org/italia/env/ld/ihi/economicindicator/dait@21_0329/xm1_1,https://w3id.org/italia/env/onto/core#EconomicIndicator
https://w3id.org/italia/env/ld/ihi/lotstep/dpc@19_3424/xm1-229,https://w3id.org/italia/env/onto/core#LotStep
https://w3id.org/italia/env/ld/ihi/economicindicator/ap018a/101_18,https://w3id.org/italia/env/onto/core#EconomicIndicator
https://w3id.org/italia/env/ld/ihi/economicindicator/101/061_6,https://w3id.org/italia/env/onto/core#EconomicIndicator
https://w3id.org/italia/env/ld/ihi/economicindicator/305/072_4,https://w3id.org/italia/env/onto/core#EconomicIndicator
https://w3id.org/italia/env/ld/ihi/economicindicator/104/071_1,https://w3id.org/italia/env/onto/core#EconomicIndicator
https://w3id.org/italia/env/ld/ihi/economicindicator/227/021_19,https://w3id.org/italia/env/onto/core#EconomicIndicator
https://w3id.org/italia/env/ld/ihi/authkind/attuat/dpc@19_4357/xm1,https://w3id.org/italia/env/onto/core#AuthorityKind
https://w3id.org/italia/env/ld/ihi/economicindicator/fe021c/101_17,https://w3id.org/italia/env/onto/core#EconomicIndicator
https://w3id.org/italia/env/ld/ihi/lot/159/081,https://w3id.org/italia/env/onto/core#Contract
https://w3id.org/italia/env/ld/ihi/economicindicator/01ir407/g11_3,https://w3id.org/italia/env/onto/core#EconomicIndicator
https://w3id.org/italia/env/ld/ihi/economicindicator/cs150b/101_7,https://w3id.org/italia/env/onto/core#EconomicIndicator
https://w3id.org/italia/env/ld/ihi/economicindicator/dpc@22_5402/xm1_1,https://w3id.org/italia/env/onto/core#EconomicIndicator
https://w3id.org/italia/env/ld/ihi/lotstep/dait@21_4174/xm1-152,https://w3id.org/italia/env/onto/core#LotStep
https://w3id.org/italia/env/ld/ihi/lotstep/020/081-180,https://w3id.org/italia/env/onto/core#LotStep
https://w3id.org/italia/env/ld/ihi/instability/211/061di-2,https://w3id.org/italia/env/onto/core#Instability
https://w3id.org/italia/env/ld/ihi/economicindicator/dait@21_2362/xm1_1,https://w3id.org/italia/env/onto/core#EconomicIndicator
https://w3id.org/italia/env/ld/ihi/lithology/318/991lf-17,https://w3id.org/italia/env/onto/core#Lithology
https://w3id.org/italia/env/ld/ihi/economicindicator/dait@21_5924/xm1_3,https://w3id.org/italia/env/onto/core#EconomicIndicator
https://w3id.org/italia/env/ld/ihi/authkind/autbac/dait@21_4969/xm,https://w3id.org/italia/env/onto/core#AuthorityKind
https://w3id.org/italia/env/ld/ihi/authkind/esec/al024a/101,https://w3id.org/italia/env/onto/core#AuthorityKind
https://w3id.org/italia/env/ld/ihi/economicindicator/dait@19_0862/xm1_1,https://w3id.org/italia/env/onto/core#EconomicIndicator
https://w3id.org/italia/env/ld/ihi/economicindicator/007/023_4,https://w3id.org/italia/env/onto/core#EconomicIndicator
https://w3id.org/italia/env/ld/ihi/authkind/prop/dait@21_3088/xm,https://w3id.org/italia/env/onto/core#AuthorityKind
https://w3id.org/italia/env/ld/ihi/intervention/dait@21_2398/xm,https://w3id.org/italia/env/onto/core#Intervention
https://w3id.org/italia/env/ld/ihi/economicindicator/16ir748/g11_1,https://w3id.org/italia/env/onto/core#EconomicIndicator
https://w3id.org/italia/env/ld/ihi/lot/01ira44/g19,https://w3id.org/italia/env/onto/core#Contract
https://w3id.org/italia/env/ld/ihi/agreement/na025c/10,http://purl.org/procurement/public-contracts#FrameworkAgreement
https://w3id.org/italia/env/ld/ihi/agreement/dait@21_5150/xm,http://purl.org/procurement/public-contracts#FrameworkAgreement
https://w3id.org/italia/env/ld/ihi/economicindicator/dpc@19_3676/xm1_1,https://w3id.org/italia/env/onto/core#EconomicIndicator
https://w3id.org/italia/env/ld/ihi/economicindicator/01ira54/g12_24,https://w3id.org/italia/env/onto/core#EconomicIndicator
https://w3id.org/italia/env/ld/ihi/intervention/dait@22_0016/xm,https://w3id.org/italia/env/onto/core#Intervention
https://w3id.org/italia/env/ld/ihi/economicindicator/270/071_9,https://w3id.org/italia/env/onto/core#EconomicIndicator
https://w3id.org/italia/env/ld/ihi/economicindicator/10ir002/mt1_14,https://w3id.org/italia/env/onto/core#EconomicIndicator
https://w3id.org/italia/env/ld/ihi/lot/304/991,https://w3id.org/italia/env/onto/core#Contract
https://w3id.org/italia/env/ld/ihi/intervention/dpc@19_1838/xm,https://w3id.org/italia/env/onto/core#Intervention
https://w3id.org/italia/env/ld/ihi/economicindicator/dait@21_6860/xm1_3,https://w3id.org/italia/env/onto/core#EconomicIndicator
https://w3id.org/italia/env/ld/ihi/lotstep/dpc@19_3330/xm1-217,https://w3id.org/italia/env/onto/core#LotStep
https://w3id.org/italia/env/ld/ihi/economicindicator/dait@21_7419/xm1_3,https://w3id.org/italia/env/onto/core#EconomicIndicator
https://w3id.org/italia/env/ld/ihi/economicindicator/dait@21_2399/xm1_1,https://w3id.org/italia/env/onto/core#EconomicIndicator
https://w3id.org/italia/env/ld/ihi/lotstep/dpc@19_2553/xm1-215,https://w3id.org/italia/env/onto/core#LotStep
https://w3id.org/italia/env/ld/ihi/economicindicator/dait@21_7348/xm1_3,https://w3id.org/italia/env/onto/core#EconomicIndicator
https://w3id.org/italia/env/ld/ihi/lot/dpc@19_4498/xm1,https://w3id.org/italia/env/onto/core#Contract
https://w3id.org/italia/env/ld/ihi/authkind/prop/dpc@20_6010/xm,https://w3id.org/italia/env/onto/core#AuthorityKind
https://w3id.org/italia/env/ld/ihi/lotstep/dait@21_2521/xm1-132,https://w3id.org/italia/env/onto/core#LotStep
https://w3id.org/italia/env/ld/ihi/economicindicator/319/991_12,https://w3id.org/italia/env/onto/core#EconomicIndicator
https://w3id.org/italia/env/ld/ihi/economicindicator/dpc@19_2765/xm1_1,https://w3id.org/italia/env/onto/core#EconomicIndicator
https://w3id.org/italia/env/ld/ihi/intervention/427/06,https://w3id.org/italia/env/onto/core#Intervention
https://w3id.org/italia/env/ld/ihi/agreement/dpc@19_3227/xm,http://purl.org/procurement/public-contracts#FrameworkAgreement
https://w3id.org/italia/env/ld/ihi/agreement/pv115a/10,http://purl.org/procurement/public-contracts#FrameworkAgreement
https://w3id.org/italia/env/ld/ihi/economicindicator/805/991_9,https://w3id.org/italia/env/onto/core#EconomicIndicator
https://w3id.org/italia/env/ld/ihi/economicindicator/dait@23_1888/xm1_3,https://w3id.org/italia/env/onto/core#EconomicIndicator
https://w3id.org/italia/env/ld/ihi/intervention/dpc@19_2576/xm,https://w3id.org/italia/env/onto/core#Intervention
https://w3id.org/italia/env/ld/ihi/repair/11ir069/g11si-2,https://w3id.org/italia/env/onto/core#Repair
https://w3id.org/italia/env/ld/ihi/economicindicator/157/062_22,https://w3id.org/italia/env/onto/core#EconomicIndicator
https://w3id.org/italia/env/ld/ihi/economicindicator/001/071_1,https://w3id.org/italia/env/onto/core#EconomicIndicator
https://w3id.org/italia/env/ld/ihi/economicindicator/543/091_4,https://w3id.org/italia/env/onto/core#EconomicIndicator
https://w3id.org/italia/env/ld/ihi/economicindicator/01ir004/g31_14,https://w3id.org/italia/env/onto/core#EconomicIndicator
https://w3id.org/italia/env/ld/ihi/lotstep/mo099r/101-140,https://w3id.org/italia/env/onto/core#LotStep
https://w3id.org/italia/env/ld/ihi/intervention/dpc@19_2255/xm,https://w3id.org/italia/env/onto/core#Intervention
https://w3id.org/italia/env/ld/ihi/lotstep/dait@22_0286/xm1-152,https://w3id.org/italia/env/onto/core#LotStep
https://w3id.org/italia/env/ld/ihi/agreement/dpc@19_1832/xm,http://purl.org/procurement/public-contracts#FrameworkAgreement
https://w3id.org/italia/env/ld/ihi/economicindicator/16ir543/g11_3,https://w3id.org/italia/env/onto/core#EconomicIndicator
https://w3id.org/italia/env/ld/ihi/economicindicator/03ir261/g11_11,https://w3id.org/italia/env/onto/core#EconomicIndicator
https://w3id.org/italia/env/ld/ihi/agreement/143/06,http://purl.org/procurement/public-contracts#FrameworkAgreement
https://w3id.org/italia/env/ld/ihi/agreement/dait@21_3009/xm,http://purl.org/procurement/public-contracts#FrameworkAgreement
https://w3id.org/italia/env/ld/ihi/economicindicator/360/991_17,https://w3id.org/italia/env/onto/core#EconomicIndicator
https://w3id.org/italia/env/ld/ihi/lot/dait@23_0052/xm1,https://w3id.org/italia/env/onto/core#Contract
https://w3id.org/italia/env/ld/ihi/agreement/dait@21_7307/xm,http://purl.org/procurement/public-contracts#FrameworkAgreement
https://w3id.org/italia/env/ld/ihi/lotstep/dait@21_1366/xm1-215,https://w3id.org/italia/env/onto/core#LotStep
https://w3id.org/italia/env/ld/ihi/authkind/attuat/21ir123/g11,https://w3id.org/italia/env/onto/core#AuthorityKind
https://w3id.org/italia/env/ld/ihi/repair/09ir002/g43si-2,https://w3id.org/italia/env/onto/core#Repair
https://w3id.org/italia/env/ld/ihi/businessentity/095034,http://purl.org/goodrelations/v1#BusinessEntity
https://w3id.org/italia/env/ld/ihi/repair/500/061si-33,https://w3id.org/italia/env/onto/core#Repair
https://w3id.org/italia/env/ld/ihi/lotstep/dait@21_4257/xm1-184,https://w3id.org/italia/env/onto/core#LotStep
https://w3id.org/italia/env/ld/ihi/agreement/11ir068/g1,http://purl.org/procurement/public-contracts#FrameworkAgreement
https://w3id.org/italia/env/ld/ihi/repair/402/021si-15,https://w3id.org/italia/env/onto/core#Repair
https://w3id.org/italia/env/ld/ihi/lotstep/320/061-110,https://w3id.org/italia/env/onto/core#LotStep
https://w3id.org/italia/env/ld/ihi/agreement/dait@22_0033/xm,http://purl.org/procurement/public-contracts#FrameworkAgreement
https://w3id.org/italia/env/ld/ihi/authkind/attuat/dpc@19_2057/xm1,https://w3id.org/italia/env/onto/core#AuthorityKind
https://w3id.org/italia/env/ld/ihi/lotstep/dpc@22_6646/xm1-180,https://w3id.org/italia/env/onto/core#LotStep
https://w3id.org/italia/env/ld/ihi/economicindicator/127/991_10,https://w3id.org/italia/env/onto/core#EconomicIndicator
https://w3id.org/italia/env/ld/ihi/economicindicator/09ir700/g11_1,https://w3id.org/italia/env/onto/core#EconomicIndicator
https://w3id.org/italia/env/ld/ihi/lotstep/dait@21_4049/xm1-184,https://w3id.org/italia/env/onto/core#LotStep
https://w3id.org/italia/env/ld/ihi/repair/12ir006/g91sf-53,https://w3id.org/italia/env/onto/core#Repair
https://w3id.org/italia/env/ld/ihi/repair/587/991sf-23,https://w3id.org/italia/env/onto/core#Repair
https://w3id.org/italia/env/ld/ihi/economicindicator/fe050c/103_9,https://w3id.org/italia/env/onto/core#EconomicIndicator
https://w3id.org/italia/env/ld/ihi/economicindicator/131/071_4,https://w3id.org/italia/env/onto/core#EconomicIndicator
https://w3id.org/italia/env/ld/ihi/repair/086/091sf-11,https://w3id.org/italia/env/onto/core#Repair
https://w3id.org/italia/env/ld/ihi/economicindicator/cs106b/101_13,https://w3id.org/italia/env/onto/core#EconomicIndicator
https://w3id.org/italia/env/ld/ihi/lotstep/dait@21_3075/xm1-217,https://w3id.org/italia/env/onto/core#LotStep
https://w3id.org/italia/env/ld/ihi/lotstep/302/071-180,https://w3id.org/italia/env/onto/core#LotStep
https://w3id.org/italia/env/ld/ihi/authkind/autbac/375/09,https://w3id.org/italia/env/onto/core#AuthorityKind
https://w3id.org/italia/env/ld/ihi/lotstep/11ir091/g11-150,https://w3id.org/italia/env/onto/core#LotStep
https://w3id.org/italia/env/ld/ihi/agreement/dait@23_0962/xm,http://purl.org/procurement/public-contracts#FrameworkAgreement
https://w3id.org/italia/env/ld/ihi/agreement/075/98,http://purl.org/procurement/public-contracts#FrameworkAgreement
https://w3id.org/italia/env/ld/ihi/lotstep/dait@21_4403/xm1-142,https://w3id.org/italia/env/onto/core#LotStep
https://w3id.org/italia/env/ld/ihi/lotstep/dait@21_3574/xm1-172,https://w3id.org/italia/env/onto/core#LotStep
https://w3id.org/italia/env/ld/ihi/authkind/autbac/dait@21_5989/xm,https://w3id.org/italia/env/onto/core#AuthorityKind
https://w3id.org/italia/env/ld/ihi/economicindicator/dpc@19_0533/xm1_1,https://w3id.org/italia/env/onto/core#EconomicIndicator
