Subject,lot
https://w3id.org/italia/env/ld/ihi/lotstep/me109a/101-150,https://w3id.org/italia/env/ld/ihi/lot/me109a/101
https://w3id.org/italia/env/ld/ihi/lotstep/maaf@20_0016/xm1-172,https://w3id.org/italia/env/ld/ihi/lot/maaf@20_0016/xm1
https://w3id.org/italia/env/ld/ihi/lotstep/513/091-225,https://w3id.org/italia/env/ld/ihi/lot/513/091
https://w3id.org/italia/env/ld/ihi/lotstep/034/071-150,https://w3id.org/italia/env/ld/ihi/lot/034/071
https://w3id.org/italia/env/ld/ihi/lotstep/dait@21_2567/xm1-184,https://w3id.org/italia/env/ld/ihi/lot/dait@21_2567/xm1
https://w3id.org/italia/env/ld/ihi/lotstep/cn153a/101-220,https://w3id.org/italia/env/ld/ihi/lot/cn153a/101
https://w3id.org/italia/env/ld/ihi/lotstep/dait@21_0230/xm1-172,https://w3id.org/italia/env/ld/ihi/lot/dait@21_0230/xm1
https://w3id.org/italia/env/ld/ihi/lotstep/bl055a/101-190,https://w3id.org/italia/env/ld/ihi/lot/bl055a/101
https://w3id.org/italia/env/ld/ihi/lotstep/fg064a/101-170,https://w3id.org/italia/env/ld/ihi/lot/fg064a/101
https://w3id.org/italia/env/ld/ihi/lotstep/03ir162/g11-125,https://w3id.org/italia/env/ld/ihi/lot/03ir162/g11
https://w3id.org/italia/env/ld/ihi/lotstep/148/021-120,https://w3id.org/italia/env/ld/ihi/lot/148/021
https://w3id.org/italia/env/ld/ihi/lotstep/dpc@19_1560/xm1-152,https://w3id.org/italia/env/ld/ihi/lot/dpc@19_1560/xm1
https://w3id.org/italia/env/ld/ihi/lotstep/dait@21_3786/xm1-172,https://w3id.org/italia/env/ld/ihi/lot/dait@21_3786/xm1
https://w3id.org/italia/env/ld/ihi/lotstep/cn143a/101-175,https://w3id.org/italia/env/ld/ihi/lot/cn143a/101
https://w3id.org/italia/env/ld/ihi/lotstep/11ir068/g11-190,https://w3id.org/italia/env/ld/ihi/lot/11ir068/g11
https://w3id.org/italia/env/ld/ihi/lotstep/at055a/101-210,https://w3id.org/italia/env/ld/ihi/lot/at055a/101
https://w3id.org/italia/env/ld/ihi/lotstep/dait@21_1526/xm1-132,https://w3id.org/italia/env/ld/ihi/lot/dait@21_1526/xm1
https://w3id.org/italia/env/ld/ihi/lotstep/178/081-220,https://w3id.org/italia/env/ld/ihi/lot/178/081
https://w3id.org/italia/env/ld/ihi/lotstep/dpc@19_0498/xm1-132,https://w3id.org/italia/env/ld/ihi/lot/dpc@19_0498/xm1
https://w3id.org/italia/env/ld/ihi/lotstep/060/091-210,https://w3id.org/italia/env/ld/ihi/lot/060/091
https://w3id.org/italia/env/ld/ihi/lotstep/dait@21_3084/xm1-172,https://w3id.org/italia/env/ld/ihi/lot/dait@21_3084/xm1
https://w3id.org/italia/env/ld/ihi/lotstep/lc064b/101-172,https://w3id.org/italia/env/ld/ihi/lot/lc064b/101
https://w3id.org/italia/env/ld/ihi/lotstep/rm070b/104-220,https://w3id.org/italia/env/ld/ihi/lot/rm070b/104
https://w3id.org/italia/env/ld/ihi/lotstep/14ir034/g11-132,https://w3id.org/italia/env/ld/ihi/lot/14ir034/g11
https://w3id.org/italia/env/ld/ihi/lotstep/469/061-220,https://w3id.org/italia/env/ld/ihi/lot/469/061
https://w3id.org/italia/env/ld/ihi/lotstep/275/091-170,https://w3id.org/italia/env/ld/ihi/lot/275/091
https://w3id.org/italia/env/ld/ihi/lotstep/fg055a/101-220,https://w3id.org/italia/env/ld/ihi/lot/fg055a/101
https://w3id.org/italia/env/ld/ihi/lotstep/dpc@19_0065/xm1-228,https://w3id.org/italia/env/ld/ihi/lot/dpc@19_0065/xm1
https://w3id.org/italia/env/ld/ihi/lotstep/dait@21_1810/xm1-125,https://w3id.org/italia/env/ld/ihi/lot/dait@21_1810/xm1
https://w3id.org/italia/env/ld/ihi/lotstep/759/991-210,https://w3id.org/italia/env/ld/ihi/lot/759/991
https://w3id.org/italia/env/ld/ihi/lotstep/17ir018/g11-992,https://w3id.org/italia/env/ld/ihi/lot/17ir018/g11
https://w3id.org/italia/env/ld/ihi/lotstep/183/0820-210,https://w3id.org/italia/env/ld/ihi/lot/183/0820
https://w3id.org/italia/env/ld/ihi/lotstep/dpc@19_1992/xm1-217,https://w3id.org/italia/env/ld/ihi/lot/dpc@19_1992/xm1
https://w3id.org/italia/env/ld/ihi/lotstep/12ir005/g91-215,https://w3id.org/italia/env/ld/ihi/lot/12ir005/g91
https://w3id.org/italia/env/ld/ihi/lotstep/388/061-225,https://w3id.org/italia/env/ld/ihi/lot/388/061
https://w3id.org/italia/env/ld/ihi/lotstep/go028c/101-70,https://w3id.org/italia/env/ld/ihi/lot/go028c/101
https://w3id.org/italia/env/ld/ihi/lotstep/dait@19_0564/xm1-184,https://w3id.org/italia/env/ld/ihi/lot/dait@19_0564/xm1
https://w3id.org/italia/env/ld/ihi/lotstep/dpc@19_2584/xm1-184,https://w3id.org/italia/env/ld/ihi/lot/dpc@19_2584/xm1
https://w3id.org/italia/env/ld/ihi/lotstep/dpc@19_0062/xm1-152,https://w3id.org/italia/env/ld/ihi/lot/dpc@19_0062/xm1
https://w3id.org/italia/env/ld/ihi/lotstep/dait@21_3279/xm1-227,https://w3id.org/italia/env/ld/ihi/lot/dait@21_3279/xm1
https://w3id.org/italia/env/ld/ihi/lotstep/dait@21_0871/xm1-125,https://w3id.org/italia/env/ld/ihi/lot/dait@21_0871/xm1
https://w3id.org/italia/env/ld/ihi/lotstep/bl005b/101-180,https://w3id.org/italia/env/ld/ihi/lot/bl005b/101
https://w3id.org/italia/env/ld/ihi/lotstep/fg009a/101-172,https://w3id.org/italia/env/ld/ihi/lot/fg009a/101
https://w3id.org/italia/env/ld/ihi/lotstep/08ir048/g11-190,https://w3id.org/italia/env/ld/ihi/lot/08ir048/g11
https://w3id.org/italia/env/ld/ihi/lotstep/291/071-140,https://w3id.org/italia/env/ld/ihi/lot/291/071
https://w3id.org/italia/env/ld/ihi/lotstep/dait@19_0848/xm1-217,https://w3id.org/italia/env/ld/ihi/lot/dait@19_0848/xm1
https://w3id.org/italia/env/ld/ihi/lotstep/dait@21_4940/xm1-132,https://w3id.org/italia/env/ld/ihi/lot/dait@21_4940/xm1
https://w3id.org/italia/env/ld/ihi/lotstep/mt024b/101-220,https://w3id.org/italia/env/ld/ihi/lot/mt024b/101
https://w3id.org/italia/env/ld/ihi/lotstep/731/991-170,https://w3id.org/italia/env/ld/ihi/lot/731/991
https://w3id.org/italia/env/ld/ihi/lotstep/dpc@19_0382/xm1-172,https://w3id.org/italia/env/ld/ihi/lot/dpc@19_0382/xm1
https://w3id.org/italia/env/ld/ihi/lotstep/064/991-180,https://w3id.org/italia/env/ld/ihi/lot/064/991
https://w3id.org/italia/env/ld/ihi/lotstep/dpc@19_2769/xm1-223,https://w3id.org/italia/env/ld/ihi/lot/dpc@19_2769/xm1
https://w3id.org/italia/env/ld/ihi/lotstep/maaf@19_0075/xm1-184,https://w3id.org/italia/env/ld/ihi/lot/maaf@19_0075/xm1
https://w3id.org/italia/env/ld/ihi/lotstep/dait@21_4272/xm1-172,https://w3id.org/italia/env/ld/ihi/lot/dait@21_4272/xm1
https://w3id.org/italia/env/ld/ihi/lotstep/dpc@19_1496/xm1-215,https://w3id.org/italia/env/ld/ihi/lot/dpc@19_1496/xm1
https://w3id.org/italia/env/ld/ihi/lotstep/dpc@19_1407/xm1-184,https://w3id.org/italia/env/ld/ihi/lot/dpc@19_1407/xm1
https://w3id.org/italia/env/ld/ihi/lotstep/055/021-110,https://w3id.org/italia/env/ld/ihi/lot/055/021
https://w3id.org/italia/env/ld/ihi/lotstep/248/071-180,https://w3id.org/italia/env/ld/ihi/lot/248/071
https://w3id.org/italia/env/ld/ihi/lotstep/059/071-140,https://w3id.org/italia/env/ld/ihi/lot/059/071
https://w3id.org/italia/env/ld/ihi/lotstep/472/021-150,https://w3id.org/italia/env/ld/ihi/lot/472/021
https://w3id.org/italia/env/ld/ihi/lotstep/dait@21_0767/xm1-172,https://w3id.org/italia/env/ld/ihi/lot/dait@21_0767/xm1
https://w3id.org/italia/env/ld/ihi/lotstep/dait@21_1497/xm1-142,https://w3id.org/italia/env/ld/ihi/lot/dait@21_1497/xm1
https://w3id.org/italia/env/ld/ihi/lotstep/447/991-190,https://w3id.org/italia/env/ld/ihi/lot/447/991
https://w3id.org/italia/env/ld/ihi/lotstep/604/991-180,https://w3id.org/italia/env/ld/ihi/lot/604/991
https://w3id.org/italia/env/ld/ihi/lotstep/263/071-150,https://w3id.org/italia/env/ld/ihi/lot/263/071
https://w3id.org/italia/env/ld/ihi/lotstep/11ir315/g11-210,https://w3id.org/italia/env/ld/ihi/lot/11ir315/g11
https://w3id.org/italia/env/ld/ihi/lotstep/528/092-220,https://w3id.org/italia/env/ld/ihi/lot/528/092
https://w3id.org/italia/env/ld/ihi/lotstep/dait@19_0289/xm1-172,https://w3id.org/italia/env/ld/ihi/lot/dait@19_0289/xm1
https://w3id.org/italia/env/ld/ihi/lotstep/fg018a/101-190,https://w3id.org/italia/env/ld/ihi/lot/fg018a/101
https://w3id.org/italia/env/ld/ihi/lotstep/bs022a/101-110,https://w3id.org/italia/env/ld/ihi/lot/bs022a/101
https://w3id.org/italia/env/ld/ihi/lotstep/dait@21_4173/xm1-172,https://w3id.org/italia/env/ld/ihi/lot/dait@21_4173/xm1
https://w3id.org/italia/env/ld/ihi/lotstep/dpc@19_0340/xm1-172,https://w3id.org/italia/env/ld/ihi/lot/dpc@19_0340/xm1
https://w3id.org/italia/env/ld/ihi/lotstep/020/021-220,https://w3id.org/italia/env/ld/ihi/lot/020/021
https://w3id.org/italia/env/ld/ihi/lotstep/01ira32/g114-183,https://w3id.org/italia/env/ld/ihi/lot/01ira32/g114
https://w3id.org/italia/env/ld/ihi/lotstep/dait@21_3264/xm1-184,https://w3id.org/italia/env/ld/ihi/lot/dait@21_3264/xm1
https://w3id.org/italia/env/ld/ihi/lotstep/dpc@19_2263/xm1-184,https://w3id.org/italia/env/ld/ihi/lot/dpc@19_2263/xm1
https://w3id.org/italia/env/ld/ihi/lotstep/dait@19_0044/xm1-227,https://w3id.org/italia/env/ld/ihi/lot/dait@19_0044/xm1
https://w3id.org/italia/env/ld/ihi/lotstep/109/061-120,https://w3id.org/italia/env/ld/ihi/lot/109/061
https://w3id.org/italia/env/ld/ihi/lotstep/fg032a/101-130,https://w3id.org/italia/env/ld/ihi/lot/fg032a/101
https://w3id.org/italia/env/ld/ihi/lotstep/119/021-180,https://w3id.org/italia/env/ld/ihi/lot/119/021
https://w3id.org/italia/env/ld/ihi/lotstep/539/091-170,https://w3id.org/italia/env/ld/ihi/lot/539/091
https://w3id.org/italia/env/ld/ihi/lotstep/15ird13/g11-183,https://w3id.org/italia/env/ld/ihi/lot/15ird13/g11
https://w3id.org/italia/env/ld/ihi/lotstep/dait@19_0374/xm1-132,https://w3id.org/italia/env/ld/ihi/lot/dait@19_0374/xm1
https://w3id.org/italia/env/ld/ihi/lotstep/dait@21_1853/xm1-152,https://w3id.org/italia/env/ld/ihi/lot/dait@21_1853/xm1
https://w3id.org/italia/env/ld/ihi/lotstep/dait@21_1687/xm1-184,https://w3id.org/italia/env/ld/ihi/lot/dait@21_1687/xm1
https://w3id.org/italia/env/ld/ihi/lotstep/dait@21_3538/xm1-152,https://w3id.org/italia/env/ld/ihi/lot/dait@21_3538/xm1
