{
  "@context" : "http://www.w3.org/ns/csvw",
  "@type" : "TableGroup",
  "tables" : [ {
    "@type" : "Table",
    "url" : "typy-dřevin.nt0.csv",
    "tableSchema" : {
      "@type" : "Schema",
      "columns" : [ {
        "@type" : "Column",
        "titles" : "Subject",
        "name" : "Subject",
        "valueUrl" : "{+Subject}",
        "suppressOutput" : true
      }, {
        "@type" : "Column",
        "titles" : "type",
        "name" : "type",
        "propertyUrl" : "http://www.w3.org/1999/02/22-rdf-syntax-ns#type",
        "valueUrl" : "{+type}",
        "aboutUrl" : "{+Subject}"
      }, {
        "@type" : "Column",
        "titles" : "preferred label (cs)",
        "name" : "prefLabel_cs",
        "propertyUrl" : "http://www.w3.org/2004/02/skos/core#prefLabel",
        "valueUrl" : "{+prefLabel_cs}",
        "aboutUrl" : "{+Subject}",
        "lang" : "cs"
      }, {
        "@type" : "Column",
        "titles" : "is in scheme",
        "name" : "inScheme",
        "propertyUrl" : "http://www.w3.org/2004/02/skos/core#inScheme",
        "valueUrl" : "{+inScheme}",
        "aboutUrl" : "{+Subject}"
      }, {
        "@type" : "Column",
        "titles" : "notation",
        "name" : "notation",
        "propertyUrl" : "http://www.w3.org/2004/02/skos/core#notation",
        "valueUrl" : "{+notation}",
        "aboutUrl" : "{+Subject}"
      } ],
      "primaryKey" : "Subject",
      "rowTitles" : [ "Subject", "type", "prefLabel_cs", "inScheme", "notation" ]
    }
  } ]
}