Subject,first,rest
https://blank_Nodes_IRI.org/1299,1.6608123E1,https://blank_Nodes_IRI.org/2449
https://blank_Nodes_IRI.org/2449,4.9195051E1,http://www.w3.org/1999/02/22-rdf-syntax-ns#nil
https://blank_Nodes_IRI.org/1305,1.660942699999998E1,https://blank_Nodes_IRI.org/2450
https://blank_Nodes_IRI.org/2450,4.91921197E1,http://www.w3.org/1999/02/22-rdf-syntax-ns#nil
https://blank_Nodes_IRI.org/1311,1.658658012914471E1,https://blank_Nodes_IRI.org/2451
https://blank_Nodes_IRI.org/2451,4.918362825762429E1,http://www.w3.org/1999/02/22-rdf-syntax-ns#nil
https://blank_Nodes_IRI.org/1314,1.6608123E1,https://blank_Nodes_IRI.org/2452
https://blank_Nodes_IRI.org/2452,4.9195051E1,http://www.w3.org/1999/02/22-rdf-syntax-ns#nil
https://blank_Nodes_IRI.org/1318,1.661130188447725E1,https://blank_Nodes_IRI.org/2453
https://blank_Nodes_IRI.org/2453,4.91932815048559E1,http://www.w3.org/1999/02/22-rdf-syntax-ns#nil
https://blank_Nodes_IRI.org/1324,1.660852559545468E1,https://blank_Nodes_IRI.org/2456
https://blank_Nodes_IRI.org/2456,4.921159299201348E1,http://www.w3.org/1999/02/22-rdf-syntax-ns#nil
https://blank_Nodes_IRI.org/1332,1.660397E1,https://blank_Nodes_IRI.org/2457
https://blank_Nodes_IRI.org/2457,4.921003059999999E1,http://www.w3.org/1999/02/22-rdf-syntax-ns#nil
https://blank_Nodes_IRI.org/1338,1.661104820000003E1,https://blank_Nodes_IRI.org/2458
https://blank_Nodes_IRI.org/2458,4.91982349E1,http://www.w3.org/1999/02/22-rdf-syntax-ns#nil
https://blank_Nodes_IRI.org/1344,1.660804778337479E1,https://blank_Nodes_IRI.org/2459
https://blank_Nodes_IRI.org/2459,4.919652847732274E1,http://www.w3.org/1999/02/22-rdf-syntax-ns#nil
https://blank_Nodes_IRI.org/1351,1.66082596E1,https://blank_Nodes_IRI.org/2460
https://blank_Nodes_IRI.org/2460,4.9201543E1,http://www.w3.org/1999/02/22-rdf-syntax-ns#nil
https://blank_Nodes_IRI.org/1359,1.660790929999996E1,https://blank_Nodes_IRI.org/2461
https://blank_Nodes_IRI.org/2461,4.91919707E1,http://www.w3.org/1999/02/22-rdf-syntax-ns#nil
https://blank_Nodes_IRI.org/1365,1.658395373040024E1,https://blank_Nodes_IRI.org/2462
https://blank_Nodes_IRI.org/2462,4.922697153258372E1,http://www.w3.org/1999/02/22-rdf-syntax-ns#nil
https://blank_Nodes_IRI.org/1371,1.660961539999994E1,https://blank_Nodes_IRI.org/2463
https://blank_Nodes_IRI.org/2463,4.9195224E1,http://www.w3.org/1999/02/22-rdf-syntax-ns#nil
https://blank_Nodes_IRI.org/1377,1.660946530993786E1,https://blank_Nodes_IRI.org/2464
https://blank_Nodes_IRI.org/2464,4.919115925235917E1,http://www.w3.org/1999/02/22-rdf-syntax-ns#nil
https://blank_Nodes_IRI.org/1378,1.661250599999994E1,https://blank_Nodes_IRI.org/2465
https://blank_Nodes_IRI.org/2465,4.91956227E1,http://www.w3.org/1999/02/22-rdf-syntax-ns#nil
https://blank_Nodes_IRI.org/1384,1.660790929999996E1,https://blank_Nodes_IRI.org/2467
https://blank_Nodes_IRI.org/2467,4.91919707E1,http://www.w3.org/1999/02/22-rdf-syntax-ns#nil
https://blank_Nodes_IRI.org/1390,1.66026746E1,https://blank_Nodes_IRI.org/2468
https://blank_Nodes_IRI.org/2468,4.91984432E1,http://www.w3.org/1999/02/22-rdf-syntax-ns#nil
https://blank_Nodes_IRI.org/1396,1.658886749682006E1,https://blank_Nodes_IRI.org/2469
https://blank_Nodes_IRI.org/2469,4.920956995479473E1,http://www.w3.org/1999/02/22-rdf-syntax-ns#nil
https://blank_Nodes_IRI.org/1404,1.6608123E1,https://blank_Nodes_IRI.org/2470
https://blank_Nodes_IRI.org/2470,4.9195051E1,http://www.w3.org/1999/02/22-rdf-syntax-ns#nil
https://blank_Nodes_IRI.org/1410,1.66065839218E1,https://blank_Nodes_IRI.org/2471
https://blank_Nodes_IRI.org/2471,4.91877792451E1,http://www.w3.org/1999/02/22-rdf-syntax-ns#nil
https://blank_Nodes_IRI.org/1416,1.66028757E1,https://blank_Nodes_IRI.org/2473
https://blank_Nodes_IRI.org/2473,4.919836129999999E1,http://www.w3.org/1999/02/22-rdf-syntax-ns#nil
https://blank_Nodes_IRI.org/1423,1.66033136844635E1,https://blank_Nodes_IRI.org/2474
https://blank_Nodes_IRI.org/2474,4.919752927811377E1,http://www.w3.org/1999/02/22-rdf-syntax-ns#nil
https://blank_Nodes_IRI.org/1431,1.662257822495526E1,https://blank_Nodes_IRI.org/2475
https://blank_Nodes_IRI.org/2475,4.919968008387145E1,http://www.w3.org/1999/02/22-rdf-syntax-ns#nil
https://blank_Nodes_IRI.org/1437,1.661250599999994E1,https://blank_Nodes_IRI.org/2476
https://blank_Nodes_IRI.org/2476,4.91956227E1,http://www.w3.org/1999/02/22-rdf-syntax-ns#nil
https://blank_Nodes_IRI.org/1443,1.65943811111E1,https://blank_Nodes_IRI.org/2477
https://blank_Nodes_IRI.org/2477,4.92102602778E1,http://www.w3.org/1999/02/22-rdf-syntax-ns#nil
https://blank_Nodes_IRI.org/1444,1.660422110000002E1,https://blank_Nodes_IRI.org/2478
https://blank_Nodes_IRI.org/2478,4.91954382E1,http://www.w3.org/1999/02/22-rdf-syntax-ns#nil
https://blank_Nodes_IRI.org/1450,1.6608123E1,https://blank_Nodes_IRI.org/2479
https://blank_Nodes_IRI.org/2479,4.9195051E1,http://www.w3.org/1999/02/22-rdf-syntax-ns#nil
https://blank_Nodes_IRI.org/1456,1.6608123E1,https://blank_Nodes_IRI.org/2480
https://blank_Nodes_IRI.org/2480,4.9195051E1,http://www.w3.org/1999/02/22-rdf-syntax-ns#nil
https://blank_Nodes_IRI.org/1462,1.660961539999994E1,https://blank_Nodes_IRI.org/2481
https://blank_Nodes_IRI.org/2481,4.9195224E1,http://www.w3.org/1999/02/22-rdf-syntax-ns#nil
https://blank_Nodes_IRI.org/1470,1.661104820000003E1,https://blank_Nodes_IRI.org/2482
https://blank_Nodes_IRI.org/2482,4.91982349E1,http://www.w3.org/1999/02/22-rdf-syntax-ns#nil
https://blank_Nodes_IRI.org/1476,1.66096682018682E1,https://blank_Nodes_IRI.org/2483
https://blank_Nodes_IRI.org/2483,4.919082521481369E1,http://www.w3.org/1999/02/22-rdf-syntax-ns#nil
https://blank_Nodes_IRI.org/1482,1.601145981870187E1,https://blank_Nodes_IRI.org/2484
https://blank_Nodes_IRI.org/2484,4.93558163288205E1,http://www.w3.org/1999/02/22-rdf-syntax-ns#nil
https://blank_Nodes_IRI.org/1489,1.66026746E1,https://blank_Nodes_IRI.org/2485
https://blank_Nodes_IRI.org/2485,4.91984432E1,http://www.w3.org/1999/02/22-rdf-syntax-ns#nil
https://blank_Nodes_IRI.org/1497,1.659547484670638E1,https://blank_Nodes_IRI.org/2486
https://blank_Nodes_IRI.org/2486,4.918516755922142E1,http://www.w3.org/1999/02/22-rdf-syntax-ns#nil
https://blank_Nodes_IRI.org/1500,1.6608123E1,https://blank_Nodes_IRI.org/2487
https://blank_Nodes_IRI.org/2487,4.9195051E1,http://www.w3.org/1999/02/22-rdf-syntax-ns#nil
https://blank_Nodes_IRI.org/1504,1.660457726155454E1,https://blank_Nodes_IRI.org/2490
https://blank_Nodes_IRI.org/2490,4.919962603373218E1,http://www.w3.org/1999/02/22-rdf-syntax-ns#nil
https://blank_Nodes_IRI.org/1510,1.660942699999998E1,https://blank_Nodes_IRI.org/2491
https://blank_Nodes_IRI.org/2491,4.91921197E1,http://www.w3.org/1999/02/22-rdf-syntax-ns#nil
https://blank_Nodes_IRI.org/1513,1.658144319999997E1,https://blank_Nodes_IRI.org/2492
https://blank_Nodes_IRI.org/2492,4.922815740000001E1,http://www.w3.org/1999/02/22-rdf-syntax-ns#nil
https://blank_Nodes_IRI.org/1517,1.66082596E1,https://blank_Nodes_IRI.org/2493
https://blank_Nodes_IRI.org/2493,4.9201543E1,http://www.w3.org/1999/02/22-rdf-syntax-ns#nil
https://blank_Nodes_IRI.org/1523,1.660416239999995E1,https://blank_Nodes_IRI.org/2494
https://blank_Nodes_IRI.org/2494,4.919624830000001E1,http://www.w3.org/1999/02/22-rdf-syntax-ns#nil
https://blank_Nodes_IRI.org/1529,1.660299503021847E1,https://blank_Nodes_IRI.org/2495
https://blank_Nodes_IRI.org/2495,4.919660707022236E1,http://www.w3.org/1999/02/22-rdf-syntax-ns#nil
https://blank_Nodes_IRI.org/1537,1.663609869486829E1,https://blank_Nodes_IRI.org/2496
https://blank_Nodes_IRI.org/2496,4.920722590572092E1,http://www.w3.org/1999/02/22-rdf-syntax-ns#nil
https://blank_Nodes_IRI.org/1543,1.660624454357026E1,https://blank_Nodes_IRI.org/2497
https://blank_Nodes_IRI.org/2497,4.91943579906536E1,http://www.w3.org/1999/02/22-rdf-syntax-ns#nil
https://blank_Nodes_IRI.org/1549,1.661250599999994E1,https://blank_Nodes_IRI.org/2498
https://blank_Nodes_IRI.org/2498,4.91956227E1,http://www.w3.org/1999/02/22-rdf-syntax-ns#nil
https://blank_Nodes_IRI.org/1556,1.660397E1,https://blank_Nodes_IRI.org/2499
https://blank_Nodes_IRI.org/2499,4.921003059999999E1,http://www.w3.org/1999/02/22-rdf-syntax-ns#nil
https://blank_Nodes_IRI.org/1564,1.658180585868548E1,https://blank_Nodes_IRI.org/2500
https://blank_Nodes_IRI.org/2500,4.920128193962741E1,http://www.w3.org/1999/02/22-rdf-syntax-ns#nil
https://blank_Nodes_IRI.org/1570,1.66082596E1,https://blank_Nodes_IRI.org/2501
https://blank_Nodes_IRI.org/2501,4.9201543E1,http://www.w3.org/1999/02/22-rdf-syntax-ns#nil
https://blank_Nodes_IRI.org/1576,1.66026746E1,https://blank_Nodes_IRI.org/2502
https://blank_Nodes_IRI.org/2502,4.91984432E1,http://www.w3.org/1999/02/22-rdf-syntax-ns#nil
https://blank_Nodes_IRI.org/1582,1.66022499289404E1,https://blank_Nodes_IRI.org/2503
https://blank_Nodes_IRI.org/2503,4.919113751969774E1,http://www.w3.org/1999/02/22-rdf-syntax-ns#nil
https://blank_Nodes_IRI.org/1583,1.660942699999998E1,https://blank_Nodes_IRI.org/2504
https://blank_Nodes_IRI.org/2504,4.91921197E1,http://www.w3.org/1999/02/22-rdf-syntax-ns#nil
https://blank_Nodes_IRI.org/1589,1.66038404E1,https://blank_Nodes_IRI.org/2506
https://blank_Nodes_IRI.org/2506,4.92079732E1,http://www.w3.org/1999/02/22-rdf-syntax-ns#nil
https://blank_Nodes_IRI.org/1595,1.661250599999994E1,https://blank_Nodes_IRI.org/2507
https://blank_Nodes_IRI.org/2507,4.91956227E1,http://www.w3.org/1999/02/22-rdf-syntax-ns#nil
https://blank_Nodes_IRI.org/1601,1.660397E1,https://blank_Nodes_IRI.org/2508
https://blank_Nodes_IRI.org/2508,4.921003059999999E1,http://www.w3.org/1999/02/22-rdf-syntax-ns#nil
https://blank_Nodes_IRI.org/1609,1.660397E1,https://blank_Nodes_IRI.org/2509
https://blank_Nodes_IRI.org/2509,4.921003059999999E1,http://www.w3.org/1999/02/22-rdf-syntax-ns#nil
https://blank_Nodes_IRI.org/1615,1.660416239999995E1,https://blank_Nodes_IRI.org/2510
https://blank_Nodes_IRI.org/2510,4.919624830000001E1,http://www.w3.org/1999/02/22-rdf-syntax-ns#nil
https://blank_Nodes_IRI.org/1621,1.66082596E1,https://blank_Nodes_IRI.org/2513
https://blank_Nodes_IRI.org/2513,4.9201543E1,http://www.w3.org/1999/02/22-rdf-syntax-ns#nil
https://blank_Nodes_IRI.org/1628,1.661369579999996E1,https://blank_Nodes_IRI.org/2514
https://blank_Nodes_IRI.org/2514,4.91959064E1,http://www.w3.org/1999/02/22-rdf-syntax-ns#nil
https://blank_Nodes_IRI.org/1636,1.661250599999994E1,https://blank_Nodes_IRI.org/2515
https://blank_Nodes_IRI.org/2515,4.91956227E1,http://www.w3.org/1999/02/22-rdf-syntax-ns#nil
https://blank_Nodes_IRI.org/1644,1.66070323E1,https://blank_Nodes_IRI.org/2516
https://blank_Nodes_IRI.org/2516,4.91938805E1,http://www.w3.org/1999/02/22-rdf-syntax-ns#nil
https://blank_Nodes_IRI.org/1650,1.660741209983826E1,https://blank_Nodes_IRI.org/2517
https://blank_Nodes_IRI.org/2517,4.919101932867574E1,http://www.w3.org/1999/02/22-rdf-syntax-ns#nil
https://blank_Nodes_IRI.org/1653,1.65839320421E1,https://blank_Nodes_IRI.org/2518
https://blank_Nodes_IRI.org/2518,4.91863878738E1,http://www.w3.org/1999/02/22-rdf-syntax-ns#nil
https://blank_Nodes_IRI.org/1657,1.661396503197868E1,https://blank_Nodes_IRI.org/2519
https://blank_Nodes_IRI.org/2519,4.920202106067254E1,http://www.w3.org/1999/02/22-rdf-syntax-ns#nil
https://blank_Nodes_IRI.org/1663,1.660741209983826E1,https://blank_Nodes_IRI.org/2520
https://blank_Nodes_IRI.org/2520,4.919101932867574E1,http://www.w3.org/1999/02/22-rdf-syntax-ns#nil
https://blank_Nodes_IRI.org/1669,1.6608123E1,https://blank_Nodes_IRI.org/2521
https://blank_Nodes_IRI.org/2521,4.9195051E1,http://www.w3.org/1999/02/22-rdf-syntax-ns#nil
https://blank_Nodes_IRI.org/1677,1.66082596E1,https://blank_Nodes_IRI.org/2522
https://blank_Nodes_IRI.org/2522,4.9201543E1,http://www.w3.org/1999/02/22-rdf-syntax-ns#nil
https://blank_Nodes_IRI.org/1683,1.66026746E1,https://blank_Nodes_IRI.org/2525
https://blank_Nodes_IRI.org/2525,4.91984432E1,http://www.w3.org/1999/02/22-rdf-syntax-ns#nil
https://blank_Nodes_IRI.org/1689,1.66082596E1,https://blank_Nodes_IRI.org/2526
https://blank_Nodes_IRI.org/2526,4.9201543E1,http://www.w3.org/1999/02/22-rdf-syntax-ns#nil
https://blank_Nodes_IRI.org/1696,1.660624454357026E1,https://blank_Nodes_IRI.org/2527
https://blank_Nodes_IRI.org/2527,4.91943579906536E1,http://www.w3.org/1999/02/22-rdf-syntax-ns#nil
https://blank_Nodes_IRI.org/1704,1.660397E1,https://blank_Nodes_IRI.org/2528
https://blank_Nodes_IRI.org/2528,4.921003059999999E1,http://www.w3.org/1999/02/22-rdf-syntax-ns#nil
https://blank_Nodes_IRI.org/1710,1.660624454357026E1,https://blank_Nodes_IRI.org/2529
https://blank_Nodes_IRI.org/2529,4.91943579906536E1,http://www.w3.org/1999/02/22-rdf-syntax-ns#nil
https://blank_Nodes_IRI.org/1716,1.660624454357026E1,https://blank_Nodes_IRI.org/2531
https://blank_Nodes_IRI.org/2531,4.91943579906536E1,http://www.w3.org/1999/02/22-rdf-syntax-ns#nil
https://blank_Nodes_IRI.org/1719,1.658144319999997E1,https://blank_Nodes_IRI.org/2532
https://blank_Nodes_IRI.org/2532,4.922815740000001E1,http://www.w3.org/1999/02/22-rdf-syntax-ns#nil
https://blank_Nodes_IRI.org/1723,1.658886749682006E1,https://blank_Nodes_IRI.org/2533
https://blank_Nodes_IRI.org/2533,4.920956995479473E1,http://www.w3.org/1999/02/22-rdf-syntax-ns#nil
https://blank_Nodes_IRI.org/1729,1.660397E1,https://blank_Nodes_IRI.org/2534
https://blank_Nodes_IRI.org/2534,4.921003059999999E1,http://www.w3.org/1999/02/22-rdf-syntax-ns#nil
https://blank_Nodes_IRI.org/1735,1.660416239999995E1,https://blank_Nodes_IRI.org/2535
https://blank_Nodes_IRI.org/2535,4.919624830000001E1,http://www.w3.org/1999/02/22-rdf-syntax-ns#nil
https://blank_Nodes_IRI.org/1743,1.661104820000003E1,https://blank_Nodes_IRI.org/2536
https://blank_Nodes_IRI.org/2536,4.91982349E1,http://www.w3.org/1999/02/22-rdf-syntax-ns#nil
https://blank_Nodes_IRI.org/1749,1.661104820000003E1,https://blank_Nodes_IRI.org/2537
https://blank_Nodes_IRI.org/2537,4.91982349E1,http://www.w3.org/1999/02/22-rdf-syntax-ns#nil
https://blank_Nodes_IRI.org/1755,1.66026746E1,https://blank_Nodes_IRI.org/2538
https://blank_Nodes_IRI.org/2538,4.91984432E1,http://www.w3.org/1999/02/22-rdf-syntax-ns#nil
https://blank_Nodes_IRI.org/1762,1.66082596E1,https://blank_Nodes_IRI.org/2539
https://blank_Nodes_IRI.org/2539,4.9201543E1,http://www.w3.org/1999/02/22-rdf-syntax-ns#nil
https://blank_Nodes_IRI.org/1770,1.661369579999996E1,https://blank_Nodes_IRI.org/2540
https://blank_Nodes_IRI.org/2540,4.91959064E1,http://www.w3.org/1999/02/22-rdf-syntax-ns#nil
https://blank_Nodes_IRI.org/1776,1.660416239999995E1,https://blank_Nodes_IRI.org/2541
https://blank_Nodes_IRI.org/2541,4.919624830000001E1,http://www.w3.org/1999/02/22-rdf-syntax-ns#nil
https://blank_Nodes_IRI.org/1782,1.66082596E1,https://blank_Nodes_IRI.org/2542
https://blank_Nodes_IRI.org/2542,4.9201543E1,http://www.w3.org/1999/02/22-rdf-syntax-ns#nil
https://blank_Nodes_IRI.org/1788,1.656706050000003E1,https://blank_Nodes_IRI.org/2543
https://blank_Nodes_IRI.org/2543,4.91920224E1,http://www.w3.org/1999/02/22-rdf-syntax-ns#nil
https://blank_Nodes_IRI.org/1789,1.660697184709858E1,https://blank_Nodes_IRI.org/2544
https://blank_Nodes_IRI.org/2544,4.920204712262365E1,http://www.w3.org/1999/02/22-rdf-syntax-ns#nil
https://blank_Nodes_IRI.org/1795,1.661186830968997E1,https://blank_Nodes_IRI.org/2545
https://blank_Nodes_IRI.org/2545,4.919337082758206E1,http://www.w3.org/1999/02/22-rdf-syntax-ns#nil
https://blank_Nodes_IRI.org/1801,1.661784364549345E1,https://blank_Nodes_IRI.org/2548
https://blank_Nodes_IRI.org/2548,4.919880516985283E1,http://www.w3.org/1999/02/22-rdf-syntax-ns#nil
https://blank_Nodes_IRI.org/1809,1.66265280556E1,https://blank_Nodes_IRI.org/2549
https://blank_Nodes_IRI.org/2549,4.92020922222E1,http://www.w3.org/1999/02/22-rdf-syntax-ns#nil
https://blank_Nodes_IRI.org/1815,1.659305229932812E1,https://blank_Nodes_IRI.org/2550
https://blank_Nodes_IRI.org/2550,4.922749289369727E1,http://www.w3.org/1999/02/22-rdf-syntax-ns#nil
https://blank_Nodes_IRI.org/1821,1.659474280463354E1,https://blank_Nodes_IRI.org/2551
https://blank_Nodes_IRI.org/2551,4.920405406326666E1,http://www.w3.org/1999/02/22-rdf-syntax-ns#nil
https://blank_Nodes_IRI.org/1828,1.660416239999995E1,https://blank_Nodes_IRI.org/2552
https://blank_Nodes_IRI.org/2552,4.919624830000001E1,http://www.w3.org/1999/02/22-rdf-syntax-ns#nil
https://blank_Nodes_IRI.org/1836,1.661104820000003E1,https://blank_Nodes_IRI.org/2553
https://blank_Nodes_IRI.org/2553,4.91982349E1,http://www.w3.org/1999/02/22-rdf-syntax-ns#nil
https://blank_Nodes_IRI.org/1843,1.661104820000003E1,https://blank_Nodes_IRI.org/2554
https://blank_Nodes_IRI.org/2554,4.91982349E1,http://www.w3.org/1999/02/22-rdf-syntax-ns#nil
https://blank_Nodes_IRI.org/1849,1.659774589538574E1,https://blank_Nodes_IRI.org/2555
https://blank_Nodes_IRI.org/2555,4.920538330078125E1,http://www.w3.org/1999/02/22-rdf-syntax-ns#nil
https://blank_Nodes_IRI.org/1855,1.660471456508414E1,https://blank_Nodes_IRI.org/2556
https://blank_Nodes_IRI.org/2556,4.919709990450339E1,http://www.w3.org/1999/02/22-rdf-syntax-ns#nil
https://blank_Nodes_IRI.org/1856,1.661369579999996E1,https://blank_Nodes_IRI.org/2557
https://blank_Nodes_IRI.org/2557,4.91959064E1,http://www.w3.org/1999/02/22-rdf-syntax-ns#nil
https://blank_Nodes_IRI.org/1862,1.661250599999994E1,https://blank_Nodes_IRI.org/2558
https://blank_Nodes_IRI.org/2558,4.91956227E1,http://www.w3.org/1999/02/22-rdf-syntax-ns#nil
https://blank_Nodes_IRI.org/1868,1.659474280463354E1,https://blank_Nodes_IRI.org/2559
https://blank_Nodes_IRI.org/2559,4.920405406326666E1,http://www.w3.org/1999/02/22-rdf-syntax-ns#nil
https://blank_Nodes_IRI.org/1874,1.661104820000003E1,https://blank_Nodes_IRI.org/2560
https://blank_Nodes_IRI.org/2560,4.91982349E1,http://www.w3.org/1999/02/22-rdf-syntax-ns#nil
https://blank_Nodes_IRI.org/1882,1.66082596E1,https://blank_Nodes_IRI.org/2561
https://blank_Nodes_IRI.org/2561,4.9201543E1,http://www.w3.org/1999/02/22-rdf-syntax-ns#nil
https://blank_Nodes_IRI.org/1888,1.660942699999998E1,https://blank_Nodes_IRI.org/2562
https://blank_Nodes_IRI.org/2562,4.91921197E1,http://www.w3.org/1999/02/22-rdf-syntax-ns#nil
https://blank_Nodes_IRI.org/1894,1.661369579999996E1,https://blank_Nodes_IRI.org/2564
https://blank_Nodes_IRI.org/2564,4.91959064E1,http://www.w3.org/1999/02/22-rdf-syntax-ns#nil
https://blank_Nodes_IRI.org/1901,1.660416239999995E1,https://blank_Nodes_IRI.org/2565
https://blank_Nodes_IRI.org/2565,4.919624830000001E1,http://www.w3.org/1999/02/22-rdf-syntax-ns#nil
https://blank_Nodes_IRI.org/1909,1.659474280463354E1,https://blank_Nodes_IRI.org/2566
https://blank_Nodes_IRI.org/2566,4.920405406326666E1,http://www.w3.org/1999/02/22-rdf-syntax-ns#nil
https://blank_Nodes_IRI.org/1917,1.660416239999995E1,https://blank_Nodes_IRI.org/2567
https://blank_Nodes_IRI.org/2567,4.919624830000001E1,http://www.w3.org/1999/02/22-rdf-syntax-ns#nil
https://blank_Nodes_IRI.org/1923,1.66082596E1,https://blank_Nodes_IRI.org/2568
https://blank_Nodes_IRI.org/2568,4.9201543E1,http://www.w3.org/1999/02/22-rdf-syntax-ns#nil
https://blank_Nodes_IRI.org/1926,1.659253924338304E1,https://blank_Nodes_IRI.org/2571
https://blank_Nodes_IRI.org/2571,4.920410164688873E1,http://www.w3.org/1999/02/22-rdf-syntax-ns#nil
https://blank_Nodes_IRI.org/1930,1.660416239999995E1,https://blank_Nodes_IRI.org/2572
https://blank_Nodes_IRI.org/2572,4.919624830000001E1,http://www.w3.org/1999/02/22-rdf-syntax-ns#nil
https://blank_Nodes_IRI.org/1936,1.660848569999996E1,https://blank_Nodes_IRI.org/2573
https://blank_Nodes_IRI.org/2573,4.9197547E1,http://www.w3.org/1999/02/22-rdf-syntax-ns#nil
https://blank_Nodes_IRI.org/1942,1.659278798963024E1,https://blank_Nodes_IRI.org/2574
https://blank_Nodes_IRI.org/2574,4.919927181642814E1,http://www.w3.org/1999/02/22-rdf-syntax-ns#nil
https://blank_Nodes_IRI.org/1950,1.661250599999994E1,https://blank_Nodes_IRI.org/2575
https://blank_Nodes_IRI.org/2575,4.91956227E1,http://www.w3.org/1999/02/22-rdf-syntax-ns#nil
https://blank_Nodes_IRI.org/1956,1.660306720785988E1,https://blank_Nodes_IRI.org/2576
https://blank_Nodes_IRI.org/2576,4.920052000592386E1,http://www.w3.org/1999/02/22-rdf-syntax-ns#nil
https://blank_Nodes_IRI.org/1962,1.658886749682006E1,https://blank_Nodes_IRI.org/2577
https://blank_Nodes_IRI.org/2577,4.920956995479473E1,http://www.w3.org/1999/02/22-rdf-syntax-ns#nil
https://blank_Nodes_IRI.org/1969,1.660416239999995E1,https://blank_Nodes_IRI.org/2578
https://blank_Nodes_IRI.org/2578,4.919624830000001E1,http://www.w3.org/1999/02/22-rdf-syntax-ns#nil
https://blank_Nodes_IRI.org/1977,1.66082596E1,https://blank_Nodes_IRI.org/2579
https://blank_Nodes_IRI.org/2579,4.9201543E1,http://www.w3.org/1999/02/22-rdf-syntax-ns#nil
https://blank_Nodes_IRI.org/1983,1.6608123E1,https://blank_Nodes_IRI.org/2580
https://blank_Nodes_IRI.org/2580,4.9195051E1,http://www.w3.org/1999/02/22-rdf-syntax-ns#nil
https://blank_Nodes_IRI.org/1989,1.6608123E1,https://blank_Nodes_IRI.org/2581
https://blank_Nodes_IRI.org/2581,4.9195051E1,http://www.w3.org/1999/02/22-rdf-syntax-ns#nil
https://blank_Nodes_IRI.org/1995,1.658144319999997E1,https://blank_Nodes_IRI.org/2582
https://blank_Nodes_IRI.org/2582,4.922815740000001E1,http://www.w3.org/1999/02/22-rdf-syntax-ns#nil
https://blank_Nodes_IRI.org/1996,1.661104820000003E1,https://blank_Nodes_IRI.org/2583
https://blank_Nodes_IRI.org/2583,4.91982349E1,http://www.w3.org/1999/02/22-rdf-syntax-ns#nil
https://blank_Nodes_IRI.org/2002,1.660942699999998E1,https://blank_Nodes_IRI.org/2584
https://blank_Nodes_IRI.org/2584,4.91921197E1,http://www.w3.org/1999/02/22-rdf-syntax-ns#nil
https://blank_Nodes_IRI.org/2008,1.661250599999994E1,https://blank_Nodes_IRI.org/2585
https://blank_Nodes_IRI.org/2585,4.91956227E1,http://www.w3.org/1999/02/22-rdf-syntax-ns#nil
https://blank_Nodes_IRI.org/2016,1.660457726155454E1,https://blank_Nodes_IRI.org/2587
https://blank_Nodes_IRI.org/2587,4.919962603373218E1,http://www.w3.org/1999/02/22-rdf-syntax-ns#nil
https://blank_Nodes_IRI.org/2022,1.658886749682006E1,https://blank_Nodes_IRI.org/2588
https://blank_Nodes_IRI.org/2588,4.920956995479473E1,http://www.w3.org/1999/02/22-rdf-syntax-ns#nil
https://blank_Nodes_IRI.org/2028,1.659278798963024E1,https://blank_Nodes_IRI.org/2589
https://blank_Nodes_IRI.org/2589,4.919927181642814E1,http://www.w3.org/1999/02/22-rdf-syntax-ns#nil
https://blank_Nodes_IRI.org/2035,1.661369579999996E1,https://blank_Nodes_IRI.org/2590
https://blank_Nodes_IRI.org/2590,4.91959064E1,http://www.w3.org/1999/02/22-rdf-syntax-ns#nil
https://blank_Nodes_IRI.org/2043,1.660416239999995E1,https://blank_Nodes_IRI.org/2591
https://blank_Nodes_IRI.org/2591,4.919624830000001E1,http://www.w3.org/1999/02/22-rdf-syntax-ns#nil
https://blank_Nodes_IRI.org/2049,1.66082596E1,https://blank_Nodes_IRI.org/2592
https://blank_Nodes_IRI.org/2592,4.9201543E1,http://www.w3.org/1999/02/22-rdf-syntax-ns#nil
https://blank_Nodes_IRI.org/2055,1.660416239999995E1,https://blank_Nodes_IRI.org/2593
https://blank_Nodes_IRI.org/2593,4.919624830000001E1,http://www.w3.org/1999/02/22-rdf-syntax-ns#nil
https://blank_Nodes_IRI.org/2056,1.660457726155454E1,https://blank_Nodes_IRI.org/2594
https://blank_Nodes_IRI.org/2594,4.919962603373218E1,http://www.w3.org/1999/02/22-rdf-syntax-ns#nil
https://blank_Nodes_IRI.org/2062,1.646030769999993E1,https://blank_Nodes_IRI.org/2595
https://blank_Nodes_IRI.org/2595,4.925665970000001E1,http://www.w3.org/1999/02/22-rdf-syntax-ns#nil
https://blank_Nodes_IRI.org/2068,1.659474280463354E1,https://blank_Nodes_IRI.org/2596
https://blank_Nodes_IRI.org/2596,4.920405406326666E1,http://www.w3.org/1999/02/22-rdf-syntax-ns#nil
https://blank_Nodes_IRI.org/2074,1.659474280463354E1,https://blank_Nodes_IRI.org/2597
https://blank_Nodes_IRI.org/2597,4.920405406326666E1,http://www.w3.org/1999/02/22-rdf-syntax-ns#nil
https://blank_Nodes_IRI.org/2082,1.660416239999995E1,https://blank_Nodes_IRI.org/2598
https://blank_Nodes_IRI.org/2598,4.919624830000001E1,http://www.w3.org/1999/02/22-rdf-syntax-ns#nil
https://blank_Nodes_IRI.org/2088,1.661104820000003E1,https://blank_Nodes_IRI.org/2599
https://blank_Nodes_IRI.org/2599,4.91982349E1,http://www.w3.org/1999/02/22-rdf-syntax-ns#nil
https://blank_Nodes_IRI.org/2094,1.658137575266728E1,https://blank_Nodes_IRI.org/2600
https://blank_Nodes_IRI.org/2600,4.92483681489142E1,http://www.w3.org/1999/02/22-rdf-syntax-ns#nil
https://blank_Nodes_IRI.org/2101,1.658110265149472E1,https://blank_Nodes_IRI.org/2601
https://blank_Nodes_IRI.org/2601,4.920249214937198E1,http://www.w3.org/1999/02/22-rdf-syntax-ns#nil
https://blank_Nodes_IRI.org/2109,1.66082596E1,https://blank_Nodes_IRI.org/2604
https://blank_Nodes_IRI.org/2604,4.9201543E1,http://www.w3.org/1999/02/22-rdf-syntax-ns#nil
https://blank_Nodes_IRI.org/2115,1.659278798963024E1,https://blank_Nodes_IRI.org/2605
https://blank_Nodes_IRI.org/2605,4.919927181642814E1,http://www.w3.org/1999/02/22-rdf-syntax-ns#nil
https://blank_Nodes_IRI.org/2118,1.6608123E1,https://blank_Nodes_IRI.org/2606
https://blank_Nodes_IRI.org/2606,4.9195051E1,http://www.w3.org/1999/02/22-rdf-syntax-ns#nil
https://blank_Nodes_IRI.org/2122,1.661104820000003E1,https://blank_Nodes_IRI.org/2607
https://blank_Nodes_IRI.org/2607,4.91982349E1,http://www.w3.org/1999/02/22-rdf-syntax-ns#nil
https://blank_Nodes_IRI.org/2125,1.659253924338304E1,https://blank_Nodes_IRI.org/2608
https://blank_Nodes_IRI.org/2608,4.920410164688873E1,http://www.w3.org/1999/02/22-rdf-syntax-ns#nil
https://blank_Nodes_IRI.org/2129,1.660942699999998E1,https://blank_Nodes_IRI.org/2609
https://blank_Nodes_IRI.org/2609,4.91921197E1,http://www.w3.org/1999/02/22-rdf-syntax-ns#nil
https://blank_Nodes_IRI.org/2135,1.661104820000003E1,https://blank_Nodes_IRI.org/2610
https://blank_Nodes_IRI.org/2610,4.91982349E1,http://www.w3.org/1999/02/22-rdf-syntax-ns#nil
https://blank_Nodes_IRI.org/2141,1.659774589538574E1,https://blank_Nodes_IRI.org/2611
https://blank_Nodes_IRI.org/2611,4.920538330078125E1,http://www.w3.org/1999/02/22-rdf-syntax-ns#nil
https://blank_Nodes_IRI.org/2149,1.66134713E1,https://blank_Nodes_IRI.org/2612
https://blank_Nodes_IRI.org/2612,4.91961952E1,http://www.w3.org/1999/02/22-rdf-syntax-ns#nil
https://blank_Nodes_IRI.org/2155,1.6608123E1,https://blank_Nodes_IRI.org/2613
https://blank_Nodes_IRI.org/2613,4.9195051E1,http://www.w3.org/1999/02/22-rdf-syntax-ns#nil
https://blank_Nodes_IRI.org/2161,1.661369579999996E1,https://blank_Nodes_IRI.org/2614
https://blank_Nodes_IRI.org/2614,4.91959064E1,http://www.w3.org/1999/02/22-rdf-syntax-ns#nil
https://blank_Nodes_IRI.org/2168,1.661250599999994E1,https://blank_Nodes_IRI.org/2615
https://blank_Nodes_IRI.org/2615,4.91956227E1,http://www.w3.org/1999/02/22-rdf-syntax-ns#nil
https://blank_Nodes_IRI.org/2176,1.6608123E1,https://blank_Nodes_IRI.org/2616
https://blank_Nodes_IRI.org/2616,4.9195051E1,http://www.w3.org/1999/02/22-rdf-syntax-ns#nil
https://blank_Nodes_IRI.org/2182,1.661369579999996E1,https://blank_Nodes_IRI.org/2617
https://blank_Nodes_IRI.org/2617,4.91959064E1,http://www.w3.org/1999/02/22-rdf-syntax-ns#nil
https://blank_Nodes_IRI.org/2188,1.660416239999995E1,https://blank_Nodes_IRI.org/2618
https://blank_Nodes_IRI.org/2618,4.919624830000001E1,http://www.w3.org/1999/02/22-rdf-syntax-ns#nil
https://blank_Nodes_IRI.org/2194,1.661250599999994E1,https://blank_Nodes_IRI.org/2620
https://blank_Nodes_IRI.org/2620,4.91956227E1,http://www.w3.org/1999/02/22-rdf-syntax-ns#nil
https://blank_Nodes_IRI.org/2195,1.661464620000004E1,https://blank_Nodes_IRI.org/2621
https://blank_Nodes_IRI.org/2621,4.91963376E1,http://www.w3.org/1999/02/22-rdf-syntax-ns#nil
https://blank_Nodes_IRI.org/2201,1.6608123E1,https://blank_Nodes_IRI.org/2622
https://blank_Nodes_IRI.org/2622,4.9195051E1,http://www.w3.org/1999/02/22-rdf-syntax-ns#nil
https://blank_Nodes_IRI.org/2207,1.659474280463354E1,https://blank_Nodes_IRI.org/2623
https://blank_Nodes_IRI.org/2623,4.920405406326666E1,http://www.w3.org/1999/02/22-rdf-syntax-ns#nil
https://blank_Nodes_IRI.org/2213,1.66002141012E1,https://blank_Nodes_IRI.org/2624
https://blank_Nodes_IRI.org/2624,4.92034664492E1,http://www.w3.org/1999/02/22-rdf-syntax-ns#nil
https://blank_Nodes_IRI.org/2221,1.660416239999995E1,https://blank_Nodes_IRI.org/2627
https://blank_Nodes_IRI.org/2627,4.919624830000001E1,http://www.w3.org/1999/02/22-rdf-syntax-ns#nil
https://blank_Nodes_IRI.org/2227,1.66134713E1,https://blank_Nodes_IRI.org/2628
https://blank_Nodes_IRI.org/2628,4.91961952E1,http://www.w3.org/1999/02/22-rdf-syntax-ns#nil
https://blank_Nodes_IRI.org/2233,1.661104820000003E1,https://blank_Nodes_IRI.org/2629
https://blank_Nodes_IRI.org/2629,4.91982349E1,http://www.w3.org/1999/02/22-rdf-syntax-ns#nil
https://blank_Nodes_IRI.org/2240,1.660416239999995E1,https://blank_Nodes_IRI.org/2630
https://blank_Nodes_IRI.org/2630,4.919624830000001E1,http://www.w3.org/1999/02/22-rdf-syntax-ns#nil
https://blank_Nodes_IRI.org/2248,1.661369579999996E1,https://blank_Nodes_IRI.org/2631
https://blank_Nodes_IRI.org/2631,4.91959064E1,http://www.w3.org/1999/02/22-rdf-syntax-ns#nil
https://blank_Nodes_IRI.org/2254,1.661104820000003E1,https://blank_Nodes_IRI.org/2632
https://blank_Nodes_IRI.org/2632,4.91982349E1,http://www.w3.org/1999/02/22-rdf-syntax-ns#nil
https://blank_Nodes_IRI.org/2262,1.661104820000003E1,https://blank_Nodes_IRI.org/2633
https://blank_Nodes_IRI.org/2633,4.91982349E1,http://www.w3.org/1999/02/22-rdf-syntax-ns#nil
https://blank_Nodes_IRI.org/2268,1.659253924338304E1,https://blank_Nodes_IRI.org/2634
https://blank_Nodes_IRI.org/2634,4.920410164688873E1,http://www.w3.org/1999/02/22-rdf-syntax-ns#nil
https://blank_Nodes_IRI.org/2269,1.658110265149472E1,https://blank_Nodes_IRI.org/2635
https://blank_Nodes_IRI.org/2635,4.920249214937198E1,http://www.w3.org/1999/02/22-rdf-syntax-ns#nil
https://blank_Nodes_IRI.org/2275,1.6608123E1,https://blank_Nodes_IRI.org/2636
https://blank_Nodes_IRI.org/2636,4.9195051E1,http://www.w3.org/1999/02/22-rdf-syntax-ns#nil
https://blank_Nodes_IRI.org/2281,1.660942699999998E1,https://blank_Nodes_IRI.org/2637
https://blank_Nodes_IRI.org/2637,4.91921197E1,http://www.w3.org/1999/02/22-rdf-syntax-ns#nil
https://blank_Nodes_IRI.org/2289,1.661101357463185E1,https://blank_Nodes_IRI.org/2638
https://blank_Nodes_IRI.org/2638,4.919630027438166E1,http://www.w3.org/1999/02/22-rdf-syntax-ns#nil
https://blank_Nodes_IRI.org/2295,1.661104820000003E1,https://blank_Nodes_IRI.org/2639
https://blank_Nodes_IRI.org/2639,4.91982349E1,http://www.w3.org/1999/02/22-rdf-syntax-ns#nil
https://blank_Nodes_IRI.org/2301,1.66265280556E1,https://blank_Nodes_IRI.org/2640
https://blank_Nodes_IRI.org/2640,4.92020922222E1,http://www.w3.org/1999/02/22-rdf-syntax-ns#nil
https://blank_Nodes_IRI.org/2307,1.66134713E1,https://blank_Nodes_IRI.org/2641
https://blank_Nodes_IRI.org/2641,4.91961952E1,http://www.w3.org/1999/02/22-rdf-syntax-ns#nil
https://blank_Nodes_IRI.org/2314,1.660846337578698E1,https://blank_Nodes_IRI.org/2643
https://blank_Nodes_IRI.org/2643,4.919334977786223E1,http://www.w3.org/1999/02/22-rdf-syntax-ns#nil
https://blank_Nodes_IRI.org/2322,1.66109571E1,https://blank_Nodes_IRI.org/2644
https://blank_Nodes_IRI.org/2644,4.91982801E1,http://www.w3.org/1999/02/22-rdf-syntax-ns#nil
https://blank_Nodes_IRI.org/2328,1.661250599999994E1,https://blank_Nodes_IRI.org/2645
https://blank_Nodes_IRI.org/2645,4.91956227E1,http://www.w3.org/1999/02/22-rdf-syntax-ns#nil
https://blank_Nodes_IRI.org/2334,1.6608123E1,https://blank_Nodes_IRI.org/2646
https://blank_Nodes_IRI.org/2646,4.9195051E1,http://www.w3.org/1999/02/22-rdf-syntax-ns#nil
https://blank_Nodes_IRI.org/2337,1.659253924338304E1,https://blank_Nodes_IRI.org/2647
https://blank_Nodes_IRI.org/2647,4.920410164688873E1,http://www.w3.org/1999/02/22-rdf-syntax-ns#nil
https://blank_Nodes_IRI.org/2341,1.661369579999996E1,https://blank_Nodes_IRI.org/2648
https://blank_Nodes_IRI.org/2648,4.91959064E1,http://www.w3.org/1999/02/22-rdf-syntax-ns#nil
https://blank_Nodes_IRI.org/2347,1.661369579999996E1,https://blank_Nodes_IRI.org/2649
https://blank_Nodes_IRI.org/2649,4.91959064E1,http://www.w3.org/1999/02/22-rdf-syntax-ns#nil
https://blank_Nodes_IRI.org/2353,1.661104820000003E1,https://blank_Nodes_IRI.org/2650
https://blank_Nodes_IRI.org/2650,4.91982349E1,http://www.w3.org/1999/02/22-rdf-syntax-ns#nil
https://blank_Nodes_IRI.org/2361,1.659452698968812E1,https://blank_Nodes_IRI.org/2651
https://blank_Nodes_IRI.org/2651,4.919189607213494E1,http://www.w3.org/1999/02/22-rdf-syntax-ns#nil
https://blank_Nodes_IRI.org/2367,1.661369579999996E1,https://blank_Nodes_IRI.org/2652
https://blank_Nodes_IRI.org/2652,4.91959064E1,http://www.w3.org/1999/02/22-rdf-syntax-ns#nil
https://blank_Nodes_IRI.org/2373,1.661104820000003E1,https://blank_Nodes_IRI.org/2653
https://blank_Nodes_IRI.org/2653,4.91982349E1,http://www.w3.org/1999/02/22-rdf-syntax-ns#nil
https://blank_Nodes_IRI.org/2380,1.660942699999998E1,https://blank_Nodes_IRI.org/2654
https://blank_Nodes_IRI.org/2654,4.91921197E1,http://www.w3.org/1999/02/22-rdf-syntax-ns#nil
https://blank_Nodes_IRI.org/2386,1.661369579999996E1,https://blank_Nodes_IRI.org/2655
https://blank_Nodes_IRI.org/2655,4.91959064E1,http://www.w3.org/1999/02/22-rdf-syntax-ns#nil
https://blank_Nodes_IRI.org/2394,1.661250599999994E1,https://blank_Nodes_IRI.org/2656
https://blank_Nodes_IRI.org/2656,4.91956227E1,http://www.w3.org/1999/02/22-rdf-syntax-ns#nil
https://blank_Nodes_IRI.org/2400,1.661369579999996E1,https://blank_Nodes_IRI.org/2657
https://blank_Nodes_IRI.org/2657,4.91959064E1,http://www.w3.org/1999/02/22-rdf-syntax-ns#nil
https://blank_Nodes_IRI.org/2406,1.660741209983826E1,https://blank_Nodes_IRI.org/2660
https://blank_Nodes_IRI.org/2660,4.919101932867574E1,http://www.w3.org/1999/02/22-rdf-syntax-ns#nil
https://blank_Nodes_IRI.org/2409,1.659253924338304E1,https://blank_Nodes_IRI.org/2661
https://blank_Nodes_IRI.org/2661,4.920410164688873E1,http://www.w3.org/1999/02/22-rdf-syntax-ns#nil
https://blank_Nodes_IRI.org/2413,1.661104820000003E1,https://blank_Nodes_IRI.org/2662
https://blank_Nodes_IRI.org/2662,4.91982349E1,http://www.w3.org/1999/02/22-rdf-syntax-ns#nil
https://blank_Nodes_IRI.org/2419,1.66033136844635E1,https://blank_Nodes_IRI.org/2663
https://blank_Nodes_IRI.org/2663,4.919752927811377E1,http://www.w3.org/1999/02/22-rdf-syntax-ns#nil
https://blank_Nodes_IRI.org/2425,1.66033136844635E1,https://blank_Nodes_IRI.org/2664
https://blank_Nodes_IRI.org/2664,4.919752927811377E1,http://www.w3.org/1999/02/22-rdf-syntax-ns#nil
https://blank_Nodes_IRI.org/2433,1.660911320933483E1,https://blank_Nodes_IRI.org/2665
https://blank_Nodes_IRI.org/2665,4.919541926905331E1,http://www.w3.org/1999/02/22-rdf-syntax-ns#nil
https://blank_Nodes_IRI.org/2439,1.660204785294802E1,https://blank_Nodes_IRI.org/2666
https://blank_Nodes_IRI.org/2666,4.918544885820353E1,http://www.w3.org/1999/02/22-rdf-syntax-ns#nil
https://blank_Nodes_IRI.org/2445,1.6608123E1,https://blank_Nodes_IRI.org/2667
https://blank_Nodes_IRI.org/2667,4.9195051E1,http://www.w3.org/1999/02/22-rdf-syntax-ns#nil
https://blank_Nodes_IRI.org/2472,1.659934650000002E1,https://blank_Nodes_IRI.org/2668
https://blank_Nodes_IRI.org/2668,4.91948462E1,http://www.w3.org/1999/02/22-rdf-syntax-ns#nil
https://blank_Nodes_IRI.org/2530,1.659934138967691E1,https://blank_Nodes_IRI.org/2669
https://blank_Nodes_IRI.org/2669,4.919484612928321E1,http://www.w3.org/1999/02/22-rdf-syntax-ns#nil
https://blank_Nodes_IRI.org/2586,1.661606519999998E1,https://blank_Nodes_IRI.org/2670
https://blank_Nodes_IRI.org/2670,4.92071645E1,http://www.w3.org/1999/02/22-rdf-syntax-ns#nil
https://blank_Nodes_IRI.org/2642,1.6608123E1,https://blank_Nodes_IRI.org/2671
https://blank_Nodes_IRI.org/2671,4.9195051E1,http://www.w3.org/1999/02/22-rdf-syntax-ns#nil
https://blank_Nodes_IRI.org/2672,1.6608123E1,https://blank_Nodes_IRI.org/2673
https://blank_Nodes_IRI.org/2673,4.9195051E1,http://www.w3.org/1999/02/22-rdf-syntax-ns#nil
https://blank_Nodes_IRI.org/2674,1.661567409999998E1,https://blank_Nodes_IRI.org/2675
https://blank_Nodes_IRI.org/2675,4.918792349999999E1,http://www.w3.org/1999/02/22-rdf-syntax-ns#nil
https://blank_Nodes_IRI.org/2676,1.661567409999998E1,https://blank_Nodes_IRI.org/2677
https://blank_Nodes_IRI.org/2677,4.918792349999999E1,http://www.w3.org/1999/02/22-rdf-syntax-ns#nil
https://blank_Nodes_IRI.org/2679,1.660987108192786E1,https://blank_Nodes_IRI.org/2680
https://blank_Nodes_IRI.org/2680,4.919398397789576E1,http://www.w3.org/1999/02/22-rdf-syntax-ns#nil
https://blank_Nodes_IRI.org/2681,1.660790929999996E1,https://blank_Nodes_IRI.org/2682
https://blank_Nodes_IRI.org/2682,4.91919707E1,http://www.w3.org/1999/02/22-rdf-syntax-ns#nil
https://blank_Nodes_IRI.org/2683,1.66061283825923E1,https://blank_Nodes_IRI.org/2684
https://blank_Nodes_IRI.org/2684,4.919674731701949E1,http://www.w3.org/1999/02/22-rdf-syntax-ns#nil
https://blank_Nodes_IRI.org/2685,1.660909340000001E1,https://blank_Nodes_IRI.org/2686
https://blank_Nodes_IRI.org/2686,4.91918521E1,http://www.w3.org/1999/02/22-rdf-syntax-ns#nil
https://blank_Nodes_IRI.org/2687,1.66265280556E1,https://blank_Nodes_IRI.org/2688
https://blank_Nodes_IRI.org/2688,4.92020922222E1,http://www.w3.org/1999/02/22-rdf-syntax-ns#nil
https://blank_Nodes_IRI.org/2691,1.659496095967352E1,https://blank_Nodes_IRI.org/2692
https://blank_Nodes_IRI.org/2692,4.918489201866124E1,http://www.w3.org/1999/02/22-rdf-syntax-ns#nil
https://blank_Nodes_IRI.org/2693,1.66050644140859E1,https://blank_Nodes_IRI.org/2694
https://blank_Nodes_IRI.org/2694,4.918739741434993E1,http://www.w3.org/1999/02/22-rdf-syntax-ns#nil
https://blank_Nodes_IRI.org/2695,1.6608123E1,https://blank_Nodes_IRI.org/2696
https://blank_Nodes_IRI.org/2696,4.9195051E1,http://www.w3.org/1999/02/22-rdf-syntax-ns#nil
https://blank_Nodes_IRI.org/2697,1.6608123E1,https://blank_Nodes_IRI.org/2698
https://blank_Nodes_IRI.org/2698,4.9195051E1,http://www.w3.org/1999/02/22-rdf-syntax-ns#nil
https://blank_Nodes_IRI.org/2699,1.659903824329376E1,https://blank_Nodes_IRI.org/2700
https://blank_Nodes_IRI.org/2700,4.919440236570821E1,http://www.w3.org/1999/02/22-rdf-syntax-ns#nil
https://blank_Nodes_IRI.org/2701,1.659496095967352E1,https://blank_Nodes_IRI.org/2702
https://blank_Nodes_IRI.org/2702,4.918489201866124E1,http://www.w3.org/1999/02/22-rdf-syntax-ns#nil
https://blank_Nodes_IRI.org/2703,1.659496095967352E1,https://blank_Nodes_IRI.org/2704
https://blank_Nodes_IRI.org/2704,4.918489201866124E1,http://www.w3.org/1999/02/22-rdf-syntax-ns#nil
https://blank_Nodes_IRI.org/2705,1.659903824329376E1,https://blank_Nodes_IRI.org/2706
https://blank_Nodes_IRI.org/2706,4.919440236570821E1,http://www.w3.org/1999/02/22-rdf-syntax-ns#nil
https://blank_Nodes_IRI.org/2707,1.660809874534607E1,https://blank_Nodes_IRI.org/2708
https://blank_Nodes_IRI.org/2708,4.919503921561382E1,http://www.w3.org/1999/02/22-rdf-syntax-ns#nil
https://blank_Nodes_IRI.org/2709,1.659903824329376E1,https://blank_Nodes_IRI.org/2710
https://blank_Nodes_IRI.org/2710,4.919440236570821E1,http://www.w3.org/1999/02/22-rdf-syntax-ns#nil
https://blank_Nodes_IRI.org/2711,1.6608123E1,https://blank_Nodes_IRI.org/2712
https://blank_Nodes_IRI.org/2712,4.9195051E1,http://www.w3.org/1999/02/22-rdf-syntax-ns#nil
https://blank_Nodes_IRI.org/2713,1.6608123E1,https://blank_Nodes_IRI.org/2714
https://blank_Nodes_IRI.org/2714,4.9195051E1,http://www.w3.org/1999/02/22-rdf-syntax-ns#nil
https://blank_Nodes_IRI.org/2715,1.658144319999997E1,https://blank_Nodes_IRI.org/2716
https://blank_Nodes_IRI.org/2716,4.922815740000001E1,http://www.w3.org/1999/02/22-rdf-syntax-ns#nil
https://blank_Nodes_IRI.org/2717,1.658902910681524E1,https://blank_Nodes_IRI.org/2718
https://blank_Nodes_IRI.org/2718,4.918843423153956E1,http://www.w3.org/1999/02/22-rdf-syntax-ns#nil
https://blank_Nodes_IRI.org/2719,1.6608123E1,https://blank_Nodes_IRI.org/2720
https://blank_Nodes_IRI.org/2720,4.9195051E1,http://www.w3.org/1999/02/22-rdf-syntax-ns#nil
https://blank_Nodes_IRI.org/2721,1.6607841E1,https://blank_Nodes_IRI.org/2722
https://blank_Nodes_IRI.org/2722,4.9200221E1,http://www.w3.org/1999/02/22-rdf-syntax-ns#nil
https://blank_Nodes_IRI.org/2723,1.660736440000005E1,https://blank_Nodes_IRI.org/2724
https://blank_Nodes_IRI.org/2724,4.9191478E1,http://www.w3.org/1999/02/22-rdf-syntax-ns#nil
https://blank_Nodes_IRI.org/2725,1.667233778956641E1,https://blank_Nodes_IRI.org/2726
https://blank_Nodes_IRI.org/2726,4.924660009496849E1,http://www.w3.org/1999/02/22-rdf-syntax-ns#nil
https://blank_Nodes_IRI.org/2727,1.660961539999994E1,https://blank_Nodes_IRI.org/2728
https://blank_Nodes_IRI.org/2728,4.9195224E1,http://www.w3.org/1999/02/22-rdf-syntax-ns#nil
https://blank_Nodes_IRI.org/2729,1.661186830968997E1,https://blank_Nodes_IRI.org/2730
https://blank_Nodes_IRI.org/2730,4.919337082758206E1,http://www.w3.org/1999/02/22-rdf-syntax-ns#nil
https://blank_Nodes_IRI.org/2731,1.6608123E1,https://blank_Nodes_IRI.org/2732
https://blank_Nodes_IRI.org/2732,4.9195051E1,http://www.w3.org/1999/02/22-rdf-syntax-ns#nil
https://blank_Nodes_IRI.org/2733,1.6608123E1,https://blank_Nodes_IRI.org/2734
https://blank_Nodes_IRI.org/2734,4.9195051E1,http://www.w3.org/1999/02/22-rdf-syntax-ns#nil
https://blank_Nodes_IRI.org/2735,1.661046249541098E1,https://blank_Nodes_IRI.org/2736
https://blank_Nodes_IRI.org/2736,4.919648591773218E1,http://www.w3.org/1999/02/22-rdf-syntax-ns#nil
https://blank_Nodes_IRI.org/2737,1.6608123E1,https://blank_Nodes_IRI.org/2738
https://blank_Nodes_IRI.org/2738,4.9195051E1,http://www.w3.org/1999/02/22-rdf-syntax-ns#nil
https://blank_Nodes_IRI.org/2739,1.6608123E1,https://blank_Nodes_IRI.org/2740
https://blank_Nodes_IRI.org/2740,4.9195051E1,http://www.w3.org/1999/02/22-rdf-syntax-ns#nil
https://blank_Nodes_IRI.org/2741,1.660961539999994E1,https://blank_Nodes_IRI.org/2742
https://blank_Nodes_IRI.org/2742,4.9195224E1,http://www.w3.org/1999/02/22-rdf-syntax-ns#nil
https://blank_Nodes_IRI.org/2743,1.66091136932373E1,https://blank_Nodes_IRI.org/2744
https://blank_Nodes_IRI.org/2744,4.919541931152344E1,http://www.w3.org/1999/02/22-rdf-syntax-ns#nil
https://blank_Nodes_IRI.org/2745,1.660483087385546E1,https://blank_Nodes_IRI.org/2746
https://blank_Nodes_IRI.org/2746,4.919435719630414E1,http://www.w3.org/1999/02/22-rdf-syntax-ns#nil
https://blank_Nodes_IRI.org/2747,1.660942699999998E1,https://blank_Nodes_IRI.org/2748
https://blank_Nodes_IRI.org/2748,4.91921197E1,http://www.w3.org/1999/02/22-rdf-syntax-ns#nil
https://blank_Nodes_IRI.org/2749,1.66079042282272E1,https://blank_Nodes_IRI.org/2750
https://blank_Nodes_IRI.org/2750,4.919197068661637E1,http://www.w3.org/1999/02/22-rdf-syntax-ns#nil
https://blank_Nodes_IRI.org/2753,1.661250599999994E1,https://blank_Nodes_IRI.org/2754
https://blank_Nodes_IRI.org/2754,4.91956227E1,http://www.w3.org/1999/02/22-rdf-syntax-ns#nil
https://blank_Nodes_IRI.org/2755,1.660610709383259E1,https://blank_Nodes_IRI.org/2756
https://blank_Nodes_IRI.org/2756,4.919392132490205E1,http://www.w3.org/1999/02/22-rdf-syntax-ns#nil
https://blank_Nodes_IRI.org/2757,1.660799816250801E1,https://blank_Nodes_IRI.org/2758
https://blank_Nodes_IRI.org/2758,4.919289930916234E1,http://www.w3.org/1999/02/22-rdf-syntax-ns#nil
https://blank_Nodes_IRI.org/2759,1.656077268678857E1,https://blank_Nodes_IRI.org/2760
https://blank_Nodes_IRI.org/2760,4.92043459795956E1,http://www.w3.org/1999/02/22-rdf-syntax-ns#nil
https://blank_Nodes_IRI.org/2761,1.6608123E1,https://blank_Nodes_IRI.org/2762
https://blank_Nodes_IRI.org/2762,4.9195051E1,http://www.w3.org/1999/02/22-rdf-syntax-ns#nil
https://blank_Nodes_IRI.org/2763,1.66163863889E1,https://blank_Nodes_IRI.org/2764
https://blank_Nodes_IRI.org/2764,4.91897305556E1,http://www.w3.org/1999/02/22-rdf-syntax-ns#nil
https://blank_Nodes_IRI.org/2765,1.660961539999994E1,https://blank_Nodes_IRI.org/2766
https://blank_Nodes_IRI.org/2766,4.9195224E1,http://www.w3.org/1999/02/22-rdf-syntax-ns#nil
https://blank_Nodes_IRI.org/2767,1.660741471027223E1,https://blank_Nodes_IRI.org/2768
https://blank_Nodes_IRI.org/2768,4.919381699387056E1,http://www.w3.org/1999/02/22-rdf-syntax-ns#nil
https://blank_Nodes_IRI.org/2769,1.661177933114053E1,https://blank_Nodes_IRI.org/2770
https://blank_Nodes_IRI.org/2770,4.919309272541813E1,http://www.w3.org/1999/02/22-rdf-syntax-ns#nil
https://blank_Nodes_IRI.org/2771,1.66026746E1,https://blank_Nodes_IRI.org/2772
https://blank_Nodes_IRI.org/2772,4.91984432E1,http://www.w3.org/1999/02/22-rdf-syntax-ns#nil
https://blank_Nodes_IRI.org/2773,1.66082596E1,https://blank_Nodes_IRI.org/2774
https://blank_Nodes_IRI.org/2774,4.9201543E1,http://www.w3.org/1999/02/22-rdf-syntax-ns#nil
https://blank_Nodes_IRI.org/2775,1.660942699999998E1,https://blank_Nodes_IRI.org/2776
https://blank_Nodes_IRI.org/2776,4.91921197E1,http://www.w3.org/1999/02/22-rdf-syntax-ns#nil
https://blank_Nodes_IRI.org/2777,1.659305749999999E1,https://blank_Nodes_IRI.org/2778
https://blank_Nodes_IRI.org/2778,4.922749289999999E1,http://www.w3.org/1999/02/22-rdf-syntax-ns#nil
https://blank_Nodes_IRI.org/2779,1.6608123E1,https://blank_Nodes_IRI.org/2780
https://blank_Nodes_IRI.org/2780,4.9195051E1,http://www.w3.org/1999/02/22-rdf-syntax-ns#nil
https://blank_Nodes_IRI.org/2781,1.6608123E1,https://blank_Nodes_IRI.org/2782
https://blank_Nodes_IRI.org/2782,4.9195051E1,http://www.w3.org/1999/02/22-rdf-syntax-ns#nil
https://blank_Nodes_IRI.org/2784,1.661008594889164E1,https://blank_Nodes_IRI.org/2785
https://blank_Nodes_IRI.org/2785,4.919473636287996E1,http://www.w3.org/1999/02/22-rdf-syntax-ns#nil
https://blank_Nodes_IRI.org/2786,1.659774589538574E1,https://blank_Nodes_IRI.org/2787
https://blank_Nodes_IRI.org/2787,4.920538330078125E1,http://www.w3.org/1999/02/22-rdf-syntax-ns#nil
https://blank_Nodes_IRI.org/2788,1.661250599999994E1,https://blank_Nodes_IRI.org/2789
https://blank_Nodes_IRI.org/2789,4.91956227E1,http://www.w3.org/1999/02/22-rdf-syntax-ns#nil
https://blank_Nodes_IRI.org/2790,1.663609869486829E1,https://blank_Nodes_IRI.org/2791
https://blank_Nodes_IRI.org/2791,4.920722590572092E1,http://www.w3.org/1999/02/22-rdf-syntax-ns#nil
https://blank_Nodes_IRI.org/2792,1.65943811111E1,https://blank_Nodes_IRI.org/2793
https://blank_Nodes_IRI.org/2793,4.92102602778E1,http://www.w3.org/1999/02/22-rdf-syntax-ns#nil
https://blank_Nodes_IRI.org/2796,1.658886749682006E1,https://blank_Nodes_IRI.org/2797
https://blank_Nodes_IRI.org/2797,4.920956995479473E1,http://www.w3.org/1999/02/22-rdf-syntax-ns#nil
https://blank_Nodes_IRI.org/2798,1.66082596E1,https://blank_Nodes_IRI.org/2799
https://blank_Nodes_IRI.org/2799,4.9201543E1,http://www.w3.org/1999/02/22-rdf-syntax-ns#nil
https://blank_Nodes_IRI.org/2800,1.660299503021847E1,https://blank_Nodes_IRI.org/2801
https://blank_Nodes_IRI.org/2801,4.919660707022236E1,http://www.w3.org/1999/02/22-rdf-syntax-ns#nil
https://blank_Nodes_IRI.org/2802,1.66026746E1,https://blank_Nodes_IRI.org/2803
https://blank_Nodes_IRI.org/2803,4.91984432E1,http://www.w3.org/1999/02/22-rdf-syntax-ns#nil
https://blank_Nodes_IRI.org/2804,1.6608123E1,https://blank_Nodes_IRI.org/2805
https://blank_Nodes_IRI.org/2805,4.9195051E1,http://www.w3.org/1999/02/22-rdf-syntax-ns#nil
https://blank_Nodes_IRI.org/2806,1.661250599999994E1,https://blank_Nodes_IRI.org/2807
https://blank_Nodes_IRI.org/2807,4.91956227E1,http://www.w3.org/1999/02/22-rdf-syntax-ns#nil
https://blank_Nodes_IRI.org/2808,1.660397E1,https://blank_Nodes_IRI.org/2809
https://blank_Nodes_IRI.org/2809,4.921003059999999E1,http://www.w3.org/1999/02/22-rdf-syntax-ns#nil
https://blank_Nodes_IRI.org/2810,1.660921954852153E1,https://blank_Nodes_IRI.org/2811
https://blank_Nodes_IRI.org/2811,4.919216568348327E1,http://www.w3.org/1999/02/22-rdf-syntax-ns#nil
https://blank_Nodes_IRI.org/2812,1.66156797695533E1,https://blank_Nodes_IRI.org/2813
https://blank_Nodes_IRI.org/2813,4.919237297729891E1,http://www.w3.org/1999/02/22-rdf-syntax-ns#nil
https://blank_Nodes_IRI.org/2814,1.660790929999996E1,https://blank_Nodes_IRI.org/2815
https://blank_Nodes_IRI.org/2815,4.91919707E1,http://www.w3.org/1999/02/22-rdf-syntax-ns#nil
https://blank_Nodes_IRI.org/2816,1.659474280463354E1,https://blank_Nodes_IRI.org/2817
https://blank_Nodes_IRI.org/2817,4.920405406326666E1,http://www.w3.org/1999/02/22-rdf-syntax-ns#nil
https://blank_Nodes_IRI.org/2818,1.660204785294802E1,https://blank_Nodes_IRI.org/2819
https://blank_Nodes_IRI.org/2819,4.918544885820353E1,http://www.w3.org/1999/02/22-rdf-syntax-ns#nil
https://blank_Nodes_IRI.org/2820,1.660680035682213E1,https://blank_Nodes_IRI.org/2821
https://blank_Nodes_IRI.org/2821,4.919743179579918E1,http://www.w3.org/1999/02/22-rdf-syntax-ns#nil
https://blank_Nodes_IRI.org/2822,1.660059099075663E1,https://blank_Nodes_IRI.org/2823
https://blank_Nodes_IRI.org/2823,4.921267357564135E1,http://www.w3.org/1999/02/22-rdf-syntax-ns#nil
https://blank_Nodes_IRI.org/2824,1.661369579999996E1,https://blank_Nodes_IRI.org/2825
https://blank_Nodes_IRI.org/2825,4.91959064E1,http://www.w3.org/1999/02/22-rdf-syntax-ns#nil
https://blank_Nodes_IRI.org/2826,1.6608123E1,https://blank_Nodes_IRI.org/2827
https://blank_Nodes_IRI.org/2827,4.9195051E1,http://www.w3.org/1999/02/22-rdf-syntax-ns#nil
https://blank_Nodes_IRI.org/2828,1.659163768882001E1,https://blank_Nodes_IRI.org/2829
https://blank_Nodes_IRI.org/2829,4.922983969524653E1,http://www.w3.org/1999/02/22-rdf-syntax-ns#nil
https://blank_Nodes_IRI.org/2830,1.66026746E1,https://blank_Nodes_IRI.org/2831
https://blank_Nodes_IRI.org/2831,4.91984432E1,http://www.w3.org/1999/02/22-rdf-syntax-ns#nil
https://blank_Nodes_IRI.org/2832,1.660942699999998E1,https://blank_Nodes_IRI.org/2833
https://blank_Nodes_IRI.org/2833,4.91921197E1,http://www.w3.org/1999/02/22-rdf-syntax-ns#nil
https://blank_Nodes_IRI.org/2834,1.663609869486829E1,https://blank_Nodes_IRI.org/2835
https://blank_Nodes_IRI.org/2835,4.920722590572092E1,http://www.w3.org/1999/02/22-rdf-syntax-ns#nil
https://blank_Nodes_IRI.org/2836,1.661250599999994E1,https://blank_Nodes_IRI.org/2837
https://blank_Nodes_IRI.org/2837,4.91956227E1,http://www.w3.org/1999/02/22-rdf-syntax-ns#nil
https://blank_Nodes_IRI.org/2838,1.66101747751236E1,https://blank_Nodes_IRI.org/2839
https://blank_Nodes_IRI.org/2839,4.919471787032064E1,http://www.w3.org/1999/02/22-rdf-syntax-ns#nil
