{
  "@context" : "http://www.w3.org/ns/csvw",
  "@type" : "TableGroup",
  "tables" : [ {
    "@type" : "Table",
    "url" : "posudky_rdf4j.nt0.csv",
    "tableSchema" : {
      "@type" : "Schema",
      "columns" : [ {
        "@type" : "Column",
        "titles" : "Subject",
        "name" : "Subject",
        "valueUrl" : "{+Subject}",
        "suppressOutput" : true
      }, {
        "@type" : "Column",
        "titles" : "type",
        "name" : "type",
        "propertyUrl" : "http://www.w3.org/1999/02/22-rdf-syntax-ns#type",
        "valueUrl" : "{+type}",
        "aboutUrl" : "{+Observation}"
      }, {
        "@type" : "Column",
        "titles" : "dataSet",
        "name" : "dataSet",
        "propertyUrl" : "http://purl.org/linked-data/cube#dataSet",
        "valueUrl" : "{+dataSet}",
        "aboutUrl" : "{+Observation}"
      }, {
        "@type" : "Column",
        "titles" : "_type",
        "name" : "type_MULTILEVEL_",
        "propertyUrl" : "http://www.w3.org/1999/02/22-rdf-syntax-ns#type",
        "valueUrl" : "{+type_MULTILEVEL_}",
        "aboutUrl" : "https://data.cssz.cz/resource/dataset/{+Observation}",
        "separator" : ","
      }, {
        "@type" : "Column",
        "titles" : "_Title (cs)",
        "name" : "title_MULTILEVEL__cs",
        "propertyUrl" : "http://purl.org/dc/terms/title",
        "aboutUrl" : "https://data.cssz.cz/resource/dataset/{+Observation}",
        "lang" : "cs"
      }, {
        "@type" : "Column",
        "titles" : "_label (cs)",
        "name" : "label_MULTILEVEL__cs",
        "propertyUrl" : "http://www.w3.org/2000/01/rdf-schema#label",
        "aboutUrl" : "https://data.cssz.cz/resource/dataset/{+Observation}",
        "lang" : "cs",
        "separator" : ","
      }, {
        "@type" : "Column",
        "titles" : "_Description (cs)",
        "name" : "description_MULTILEVEL__cs",
        "propertyUrl" : "http://purl.org/dc/terms/description",
        "aboutUrl" : "https://data.cssz.cz/resource/dataset/{+Observation}",
        "lang" : "cs"
      }, {
        "@type" : "Column",
        "titles" : "_comment (cs)",
        "name" : "comment_MULTILEVEL__cs",
        "propertyUrl" : "http://www.w3.org/2000/01/rdf-schema#comment",
        "aboutUrl" : "https://data.cssz.cz/resource/dataset/{+Observation}",
        "lang" : "cs"
      }, {
        "@type" : "Column",
        "titles" : "_Publisher",
        "name" : "publisher_MULTILEVEL_",
        "propertyUrl" : "http://purl.org/dc/terms/publisher",
        "valueUrl" : "{+publisher_MULTILEVEL_}",
        "aboutUrl" : "https://data.cssz.cz/resource/dataset/{+Observation}"
      }, {
        "@type" : "Column",
        "titles" : "_structure",
        "name" : "structure_MULTILEVEL_",
        "propertyUrl" : "http://purl.org/linked-data/cube#structure",
        "valueUrl" : "{+structure_MULTILEVEL_}",
        "aboutUrl" : "https://data.cssz.cz/resource/dataset/{+Observation}"
      }, {
        "@type" : "Column",
        "titles" : "_component",
        "name" : "component_MULTILEVEL_",
        "propertyUrl" : "http://purl.org/linked-data/cube#component",
        "valueUrl" : "{+component_MULTILEVEL_}",
        "aboutUrl" : "https://data.cssz.cz/resource/data-structure-definition/{+Observation}",
        "separator" : ","
      }, {
        "@type" : "Column",
        "titles" : "_dimension",
        "name" : "dimension_MULTILEVEL_",
        "propertyUrl" : "http://purl.org/linked-data/cube#dimension",
        "valueUrl" : "{+dimension_MULTILEVEL_}",
        "separator" : ","
      }, {
        "@type" : "Column",
        "titles" : "_order",
        "name" : "order_MULTILEVEL_",
        "propertyUrl" : "http://purl.org/linked-data/cube#order",
        "datatype" : "integer",
        "separator" : ","
      }, {
        "@type" : "Column",
        "titles" : "_measure",
        "name" : "measure_MULTILEVEL_",
        "propertyUrl" : "http://purl.org/linked-data/cube#measure",
        "valueUrl" : "{+measure_MULTILEVEL_}"
      }, {
        "@type" : "Column",
        "titles" : "datum",
        "name" : "datum",
        "propertyUrl" : "https://data.cssz.cz/ontology/dimension/datum",
        "valueUrl" : "{+datum}",
        "aboutUrl" : "{+Observation}"
      }, {
        "@type" : "Column",
        "titles" : "kraj",
        "name" : "kraj",
        "propertyUrl" : "https://data.cssz.cz/ontology/dimension/kraj",
        "valueUrl" : "{+kraj}",
        "aboutUrl" : "{+Observation}"
      }, {
        "@type" : "Column",
        "titles" : "typ-posudku",
        "name" : "typposudku",
        "propertyUrl" : "https://data.cssz.cz/ontology/dimension/typ-posudku",
        "valueUrl" : "{+typposudku}",
        "aboutUrl" : "{+Observation}"
      }, {
        "@type" : "Column",
        "titles" : "pocet-posudku",
        "name" : "pocetposudku",
        "propertyUrl" : "https://data.cssz.cz/ontology/measure/pocet-posudku",
        "datatype" : "integer",
        "aboutUrl" : "{+Observation}"
      }, {
        "@type" : "Column",
        "propertyUrl" : "rdf:type",
        "valueUrl" : "http://purl.org/linked-data/cube#Observation",
        "aboutUrl" : "{+Observation}",
        "virtual" : true
      } ],
      "primaryKey" : "Subject",
      "rowTitles" : [ "Subject", "type", "dataSet", "type_MULTILEVEL_", "title_MULTILEVEL__cs", "label_MULTILEVEL__cs", "description_MULTILEVEL__cs", "comment_MULTILEVEL__cs", "publisher_MULTILEVEL_", "structure_MULTILEVEL_", "component_MULTILEVEL_", "dimension_MULTILEVEL_", "order_MULTILEVEL_", "measure_MULTILEVEL_", "datum", "kraj", "typposudku", "pocetposudku" ]
    }
  } ]
}