{
  "@context" : "http://www.w3.org/ns/csvw",
  "@type" : "TableGroup",
  "tables" : [ {
    "@type" : "Table",
    "url" : "literalListTest.nt_merged.csv",
    "tableSchema" : {
      "@type" : "Schema",
      "columns" : [ {
        "@type" : "Column",
        "titles" : "Subject",
        "name" : "Subject",
        "valueUrl" : "{+Subject}",
        "suppressOutput" : true
      }, {
        "@type" : "Column",
        "titles" : "type",
        "name" : "type",
        "propertyUrl" : "http://www.w3.org/1999/02/22-rdf-syntax-ns#type",
        "valueUrl" : "http://example.org/vocab/{+type}",
        "aboutUrl" : "{+Subject}"
      }, {
        "@type" : "Column",
        "titles" : "title",
        "name" : "title",
        "propertyUrl" : "http://example.org/vocab/title",
        "aboutUrl" : "{+Subject}"
      }, {
        "@type" : "Column",
        "titles" : "author",
        "name" : "author",
        "propertyUrl" : "http://example.org/vocab/author",
        "aboutUrl" : "{+Subject}"
      }, {
        "@type" : "Column",
        "titles" : "genre",
        "name" : "genre",
        "propertyUrl" : "http://example.org/vocab/genre",
        "aboutUrl" : "{+Subject}",
        "separator" : ","
      } ],
      "primaryKey" : "Subject",
      "rowTitles" : [ "Subject", "type", "title", "author", "genre" ]
    }
  } ]
}